ID_ASO;DATA_STANU;STAN;ID_JED;ID_PROD;WART_NETTO;ID_WALUTA
0153012;04.02.2024;0;SZT;NESTLE;0;PLN
0201000;04.02.2024;5786;SZT;WEDEL;7001,06;PLN
0201000A;04.02.2024;0;SZT;WEDEL;0;PLN
0201001;04.02.2024;0;SZT;WEDEL;0;PLN
0201001A;04.02.2024;0;SZT;WEDEL;0;PLN
0201002;04.02.2024;0;SZT;WEDEL;0;PLN
0201003;04.02.2024;1236;SZT;WEDEL;2088,84;PLN
0201003A;04.02.2024;0;SZT;WEDEL;0;PLN
0201005;04.02.2024;1152;SZT;WEDEL;1946,88;PLN
0201005A;04.02.2024;0;SZT;WEDEL;0;PLN
0201006;04.02.2024;0;SZT;WEDEL;0;PLN
0201007;04.02.2024;0;SZT;WEDEL;0;PLN
0201008;04.02.2024;0;SZT;WEDEL;0;PLN
0201009;04.02.2024;0;SZT;WEDEL;0;PLN
0201010;04.02.2024;0;SZT;WEDEL;0;PLN
0201011;04.02.2024;0;SZT;WEDEL;0;PLN
0201012;04.02.2024;0;SZT;WEDEL;0;PLN
0201013;04.02.2024;0;SZT;WEDEL;0;PLN
0201014;04.02.2024;0;SZT;WEDEL;0;PLN
0201021;04.02.2024;0;SZT;WEDEL;0;PLN
0201051;04.02.2024;1782;SZT;WEDEL;2940,3;PLN
0201052;04.02.2024;0;SZT;WEDEL;0;PLN
0201053;04.02.2024;0;SZT;WEDEL;0;PLN
0201054;04.02.2024;48;SZT;WEDEL;102,72;PLN
0201055;04.02.2024;0;SZT;WEDEL;0;PLN
0201081;04.02.2024;2805;SZT;WEDEL;3702,6;PLN
0201081A;04.02.2024;0;SZT;WEDEL;0;PLN
0201111;04.02.2024;0;SZT;WEDEL;0;PLN
0201111A;04.02.2024;0;SZT;WEDEL;0;PLN
0201112;04.02.2024;0;SZT;WEDEL;0;PLN
0201121;04.02.2024;0;SZT;WEDEL;0;PLN
0201122;04.02.2024;0;SZT;WEDEL;0;PLN
0201138;04.02.2024;0;SZT;WEDEL;0;PLN
0201139;04.02.2024;0;SZT;WEDEL;0;PLN
0201141;04.02.2024;0;SZT;WEDEL;0;PLN
0201142;04.02.2024;0;SZT;WEDEL;0;PLN
0201145;04.02.2024;0;SZT;WEDEL;0;PLN
0201146;04.02.2024;0;SZT;WEDEL;0;PLN
0201149;04.02.2024;0;SZT;WEDEL;0;PLN
0201150;04.02.2024;0;SZT;WEDEL;0;PLN
0201151;04.02.2024;0;SZT;WEDEL;0;PLN
0201152;04.02.2024;0;SZT;WEDEL;0;PLN
0201161;04.02.2024;0;SZT;WEDEL;0;PLN
0201162;04.02.2024;0;SZT;WEDEL;0;PLN
0201201;04.02.2024;1300;SZT;WEDEL;3432;PLN
0201202;04.02.2024;0;SZT;WEDEL;0;PLN
0201202A;04.02.2024;0;SZT;WEDEL;0;PLN
0201203;04.02.2024;31;SZT;WEDEL;363,63;PLN
0201221;04.02.2024;0;SZT;WEDEL;0;PLN
0201222;04.02.2024;0;SZT;WEDEL;0;PLN
0201222A;04.02.2024;0;SZT;WEDEL;0;PLN
0201241;04.02.2024;0;SZT;WEDEL;0;PLN
0201261;04.02.2024;0;SZT;WEDEL;0;PLN
0201301;04.02.2024;640;SZT;WEDEL;908,8;PLN
0201311;04.02.2024;0;SZT;WEDEL;0;PLN
0201312;04.02.2024;0;SZT;WEDEL;0;PLN
0201313;04.02.2024;0;SZT;WEDEL;0;PLN
0201318;04.02.2024;0;SZT;WEDEL;0;PLN
0201319;04.02.2024;0;SZT;WEDEL;0;PLN
0201401;04.02.2024;0;SZT;WEDEL;0;PLN
0201402;04.02.2024;0;SZT;WEDEL;0;PLN
0201404;04.02.2024;0;SZT;WEDEL;0;PLN
0201501;04.02.2024;0;SZT;WEDEL;0;PLN
0201501A;04.02.2024;0;SZT;WEDEL;0;PLN
0201501AA;04.02.2024;0;SZT;WEDEL;0;PLN
0201502;04.02.2024;0;SZT;WEDEL;0;PLN
0201510;04.02.2024;0;SZT;WEDEL;0;PLN
0201510A;04.02.2024;0;SZT;WEDEL;0;PLN
0201511;04.02.2024;0;SZT;WEDEL;0;PLN
0201511A;04.02.2024;0;SZT;WEDEL;0;PLN
0201998;04.02.2024;0;SZT;WEDEL;0;PLN
0201999;04.02.2024;0;SZT;WEDEL;0;PLN
0202001;04.02.2024;0;SZT;WEDEL;0;PLN
0202002;04.02.2024;0;SZT;WEDEL;0;PLN
0202011;04.02.2024;0;SZT;WEDEL;0;PLN
0202015;04.02.2024;123;SZT;WEDEL;1420,65;PLN
0202021;04.02.2024;0;SZT;WEDEL;0;PLN
0202022;04.02.2024;0;SZT;WEDEL;0;PLN
0202031;04.02.2024;0;SZT;WEDEL;0;PLN
0202032;04.02.2024;0;SZT;WEDEL;0;PLN
0202041;04.02.2024;0;SZT;WEDEL;0;PLN
0202042;04.02.2024;0;SZT;WEDEL;0;PLN
0202045;04.02.2024;0;SZT;WEDEL;0;PLN
0202047;04.02.2024;0;SZT;WEDEL;0;PLN
0202061;04.02.2024;0;SZT;WEDEL;0;PLN
0202062;04.02.2024;0;SZT;WEDEL;0;PLN
0202063;04.02.2024;0;SZT;WEDEL;0;PLN
0202064;04.02.2024;0;SZT;WEDEL;0;PLN
0202065;04.02.2024;0;SZT;WEDEL;0;PLN
0202066;04.02.2024;0;SZT;WEDEL;0;PLN
0202081;04.02.2024;36;SZT;WEDEL;755,28;PLN
0202081A;04.02.2024;0;SZT;WEDEL;0;PLN
0202082;04.02.2024;0;SZT;WEDEL;0;PLN
0202083;04.02.2024;0;SZT;WEDEL;0;PLN
0202084;04.02.2024;0;SZT;WEDEL;0;PLN
0202101;04.02.2024;0;SZT;WEDEL;0;PLN
0202102;04.02.2024;0;SZT;WEDEL;0;PLN
0202102A;04.02.2024;0;SZT;WEDEL;0;PLN
0202111;04.02.2024;0;SZT;WEDEL;0;PLN
0202141;04.02.2024;0;SZT;WEDEL;0;PLN
0202142;04.02.2024;0;SZT;WEDEL;0;PLN
0202201;04.02.2024;0;SZT;WEDEL;0;PLN
0202202;04.02.2024;0;SZT;WEDEL;0;PLN
0202211;04.02.2024;0;SZT;WEDEL;0;PLN
0202212;04.02.2024;0;SZT;WEDEL;0;PLN
0202500;04.02.2024;1024;SZT;WEDEL;11673,6;PLN
0202501;04.02.2024;0;SZT;WEDEL;0;PLN
0202501A;04.02.2024;0;SZT;WEDEL;0;PLN
0202502;04.02.2024;0;SZT;WEDEL;0;PLN
0202503;04.02.2024;0;SZT;WEDEL;0;PLN
0202504;04.02.2024;0;SZT;WEDEL;0;PLN
0202504A;04.02.2024;0;SZT;WEDEL;0;PLN
0202505;04.02.2024;0;SZT;WEDEL;0;PLN
0202506;04.02.2024;0;SZT;WEDEL;0;PLN
0202507;04.02.2024;0;SZT;WEDEL;0;PLN
0202508;04.02.2024;0;SZT;WEDEL;0;PLN
0202509;04.02.2024;0;SZT;WEDEL;0;PLN
0202510;04.02.2024;0;SZT;WEDEL;0;PLN
0202511;04.02.2024;0;SZT;WEDEL;0;PLN
0202512;04.02.2024;0;SZT;WEDEL;0;PLN
0202513;04.02.2024;0;SZT;WEDEL;0;PLN
0202514;04.02.2024;0;SZT;WEDEL;0;PLN
0202515;04.02.2024;0;SZT;WEDEL;0;PLN
0202516;04.02.2024;0;SZT;WEDEL;0;PLN
0202517;04.02.2024;0;SZT;WEDEL;0;PLN
0202521;04.02.2024;0;SZT;WEDEL;0;PLN
0202522;04.02.2024;0;SZT;WEDEL;0;PLN
0202523;04.02.2024;0;SZT;WEDEL;0;PLN
0202525;04.02.2024;0;SZT;WEDEL;0;PLN
0202531;04.02.2024;0;SZT;WEDEL;0;PLN
0202541;04.02.2024;0;SZT;WEDEL;0;PLN
0202542;04.02.2024;0;SZT;WEDEL;0;PLN
0202998;04.02.2024;0;SZT;WEDEL;0;PLN
0202999A;04.02.2024;0;SZT;WEDEL;0;PLN
0203001;04.02.2024;664;SZT;WEDEL;2403,68;PLN
0203001A;04.02.2024;0;SZT;WEDEL;0;PLN
0203002;04.02.2024;180;SZT;WEDEL;525,6;PLN
0203003;04.02.2024;0;SZT;WEDEL;0;PLN
0203004;04.02.2024;0;SZT;WEDEL;0;PLN
0203005;04.02.2024;0;SZT;WEDEL;0;PLN
0203006;04.02.2024;0;SZT;WEDEL;0;PLN
0203007;04.02.2024;0;SZT;WEDEL;0;PLN
0203010;04.02.2024;0;SZT;WEDEL;0;PLN
0203011;04.02.2024;0;SZT;WEDEL;0;PLN
0203012;04.02.2024;212;SZT;WEDEL;767,44;PLN
0203013;04.02.2024;0;SZT;WEDEL;0;PLN
0203015;04.02.2024;163;SZT;WEDEL;627,55;PLN
0203016;04.02.2024;163;SZT;WEDEL;627,55;PLN
0203021;04.02.2024;0;SZT;WEDEL;0;PLN
0203022;04.02.2024;0;SZT;WEDEL;0;PLN
0203023;04.02.2024;0;SZT;WEDEL;0;PLN
0203071;04.02.2024;0;SZT;WEDEL;0;PLN
0203072;04.02.2024;0;SZT;WEDEL;0;PLN
0203073;04.02.2024;0;SZT;WEDEL;0;PLN
0203074;04.02.2024;0;SZT;WEDEL;0;PLN
0203081;04.02.2024;0;SZT;WEDEL;0;PLN
0203082;04.02.2024;0;SZT;WEDEL;0;PLN
0203083;04.02.2024;0;SZT;WEDEL;0;PLN
0203085;04.02.2024;0;SZT;WEDEL;0;PLN
0203086;04.02.2024;0;SZT;WEDEL;0;PLN
0203087;04.02.2024;0;SZT;WEDEL;0;PLN
0203091;04.02.2024;0;SZT;WEDEL;0;PLN
0203092;04.02.2024;0;SZT;WEDEL;0;PLN
0203093;04.02.2024;0;SZT;WEDEL;0;PLN
0203095;04.02.2024;0;SZT;WEDEL;0;PLN
0203096;04.02.2024;0;SZT;WEDEL;0;PLN
0203101;04.02.2024;95;SZT;WEDEL;343,9;PLN
0203101A;04.02.2024;0;SZT;WEDEL;0;PLN
0203102;04.02.2024;0;SZT;WEDEL;0;PLN
0203102A;04.02.2024;0;SZT;WEDEL;0;PLN
0203103;04.02.2024;0;SZT;WEDEL;0;PLN
0203104;04.02.2024;0;SZT;WEDEL;0;PLN
0203104B;04.02.2024;0;SZT;WEDEL;0;PLN
0203105;04.02.2024;0;SZT;WEDEL;0;PLN
0203106;04.02.2024;0;SZT;WEDEL;0;PLN
0203107;04.02.2024;0;SZT;WEDEL;0;PLN
0203108;04.02.2024;0;SZT;WEDEL;0;PLN
0203110;04.02.2024;0;SZT;WEDEL;0;PLN
0203111;04.02.2024;0;SZT;WEDEL;0;PLN
0203112;04.02.2024;0;SZT;WEDEL;0;PLN
0203121;04.02.2024;0;SZT;WEDEL;0;PLN
0203122;04.02.2024;0;SZT;WEDEL;0;PLN
0203123;04.02.2024;0;SZT;WEDEL;0;PLN
0203124;04.02.2024;0;SZT;WEDEL;0;PLN
0203125;04.02.2024;0;SZT;WEDEL;0;PLN
0203126;04.02.2024;0;SZT;WEDEL;0;PLN
0203127;04.02.2024;0;SZT;WEDEL;0;PLN
0203128;04.02.2024;0;SZT;WEDEL;0;PLN
0203129;04.02.2024;0;SZT;WEDEL;0;PLN
0203130;04.02.2024;0;SZT;WEDEL;0;PLN
0203131;04.02.2024;0;SZT;WEDEL;0;PLN
0203132;04.02.2024;0;SZT;WEDEL;0;PLN
0203141;04.02.2024;0;SZT;WEDEL;0;PLN
0203142;04.02.2024;0;SZT;WEDEL;0;PLN
0203143;04.02.2024;0;SZT;WEDEL;0;PLN
0203151;04.02.2024;0;SZT;WEDEL;0;PLN
0203152;04.02.2024;0;SZT;WEDEL;0;PLN
0203160;04.02.2024;0;SZT;WEDEL;0;PLN
0203161;04.02.2024;0;SZT;WEDEL;0;PLN
0203162;04.02.2024;0;SZT;WEDEL;0;PLN
0203171;04.02.2024;18;SZT;WEDEL;63,18;PLN
0203172;04.02.2024;3;SZT;WEDEL;10,53;PLN
0203173;04.02.2024;0;SZT;WEDEL;0;PLN
0203201;04.02.2024;0;SZT;WEDEL;0;PLN
0203201A;04.02.2024;0;SZT;WEDEL;0;PLN
0203202;04.02.2024;0;SZT;WEDEL;0;PLN
0203203;04.02.2024;0;SZT;WEDEL;0;PLN
0203204;04.02.2024;0;SZT;WEDEL;0;PLN
0203221;04.02.2024;0;SZT;WEDEL;0;PLN
0203222;04.02.2024;0;SZT;WEDEL;0;PLN
0203223;04.02.2024;0;SZT;WEDEL;0;PLN
0203224;04.02.2024;0;SZT;WEDEL;0;PLN
0203251;04.02.2024;0;SZT;WEDEL;0;PLN
0203252;04.02.2024;0;SZT;WEDEL;0;PLN
0203253;04.02.2024;0;SZT;WEDEL;0;PLN
0203501;04.02.2024;0;SZT;WEDEL;0;PLN
0203521;04.02.2024;9;SZT;WEDEL;102,51;PLN
0203522;04.02.2024;14;SZT;WEDEL;159,04;PLN
0203523;04.02.2024;51;SZT;WEDEL;871,08;PLN
0203525;04.02.2024;0;SZT;WEDEL;0;PLN
0203526;04.02.2024;0;SZT;WEDEL;0;PLN
0203527;04.02.2024;0;SZT;WEDEL;0;PLN
0203528;04.02.2024;6;SZT;WEDEL;68,34;PLN
0203529;04.02.2024;53;SZT;WEDEL;547,49;PLN
0203529C;04.02.2024;55;SZT;WEDEL;568,15;PLN
0203530;04.02.2024;0;SZT;WEDEL;0;PLN
0203531;04.02.2024;0;SZT;WEDEL;0;PLN
0203532;04.02.2024;0;SZT;WEDEL;0;PLN
0203533;04.02.2024;0;SZT;WEDEL;0;PLN
0203533B;04.02.2024;0;SZT;WEDEL;0;PLN
0203534;04.02.2024;0;SZT;WEDEL;0;PLN
0203535;04.02.2024;0;SZT;WEDEL;0;PLN
0203536;04.02.2024;0;SZT;WEDEL;0;PLN
0203537;04.02.2024;0;SZT;WEDEL;0;PLN
0203538;04.02.2024;0;SZT;WEDEL;0;PLN
0203539;04.02.2024;39;SZT;WEDEL;444,21;PLN
0203541;04.02.2024;0;SZT;WEDEL;0;PLN
0203542;04.02.2024;0;SZT;WEDEL;0;PLN
0203543;04.02.2024;0;SZT;WEDEL;0;PLN
0203545;04.02.2024;0;SZT;WEDEL;0;PLN
0203546;04.02.2024;0;SZT;WEDEL;0;PLN
0203547;04.02.2024;0;SZT;WEDEL;0;PLN
0203551;04.02.2024;0;SZT;WEDEL;0;PLN
0203552;04.02.2024;0;SZT;WEDEL;0;PLN
0203553;04.02.2024;0;SZT;WEDEL;0;PLN
0203995;04.02.2024;0;SZT;WEDEL;0;PLN
0203996;04.02.2024;0;SZT;WEDEL;0;PLN
0203997;04.02.2024;0;SZT;WEDEL;0;PLN
0203998;04.02.2024;0;SZT;WEDEL;0;PLN
0203999;04.02.2024;0;SZT;WEDEL;0;PLN
0204001;04.02.2024;0;KG;WEDEL;0;PLN
0204002;04.02.2024;153;KG;WEDEL;4071,33;PLN
0204005;04.02.2024;0;KG;WEDEL;0;PLN
0204006;04.02.2024;0;KG;WEDEL;0;PLN
0204009;04.02.2024;0;SZT;WEDEL;0;PLN
0204010;04.02.2024;0;SZT;WEDEL;0;PLN
0204010A;04.02.2024;0;SZT;WEDEL;0;PLN
0204011A;04.02.2024;0;KG;WEDEL;0;PLN
0204021;04.02.2024;0;KG;WEDEL;0;PLN
0204031;04.02.2024;0;KG;WEDEL;0;PLN
0204035;04.02.2024;0;SZT;WEDEL;0;PLN
0204041;04.02.2024;0;KG;WEDEL;0;PLN
0204045;04.02.2024;0;SZT;WEDEL;0;PLN
0204048;04.02.2024;0;KG;WEDEL;0;PLN
0204049;04.02.2024;0;KG;WEDEL;0;PLN
0204050;04.02.2024;0;KG;WEDEL;0;PLN
0204051;04.02.2024;0;KG;WEDEL;0;PLN
0204102;04.02.2024;0;KG;WEDEL;0;PLN
0206001;04.02.2024;0;SZT;WEDEL;0;PLN
0206002;04.02.2024;0;SZT;WEDEL;0;PLN
0206003;04.02.2024;0;SZT;WEDEL;0;PLN
0206004;04.02.2024;0;SZT;WEDEL;0;PLN
0206005;04.02.2024;0;SZT;WEDEL;0;PLN
0206031;04.02.2024;0;SZT;WEDEL;0;PLN
0206051;04.02.2024;0;SZT;WEDEL;0;PLN
0206052;04.02.2024;0;SZT;WEDEL;0;PLN
0206053;04.02.2024;0;SZT;WEDEL;0;PLN
0206061;04.02.2024;0;SZT;WEDEL;0;PLN
0206062;04.02.2024;0;SZT;WEDEL;0;PLN
0207001;04.02.2024;0;SZT;WEDEL;0;PLN
0207002;04.02.2024;0;SZT;WEDEL;0;PLN
0207003;04.02.2024;0;SZT;WEDEL;0;PLN
0207005;04.02.2024;0;SZT;WEDEL;0;PLN
0207006;04.02.2024;0;SZT;WEDEL;0;PLN
0207007;04.02.2024;0;SZT;WEDEL;0;PLN
0207008;04.02.2024;0;SZT;WEDEL;0;PLN
0207021;04.02.2024;0;SZT;WEDEL;0;PLN
0207022;04.02.2024;0;SZT;WEDEL;0;PLN
0207041;04.02.2024;0;SZT;WEDEL;0;PLN
0207101;04.02.2024;0;SZT;WEDEL;0;PLN
0207102;04.02.2024;0;SZT;WEDEL;0;PLN
0207121;04.02.2024;0;SZT;WEDEL;0;PLN
0207130;04.02.2024;0;SZT;WEDEL;0;PLN
0207131;04.02.2024;0;SZT;WEDEL;0;PLN
0207132;04.02.2024;0;SZT;WEDEL;0;PLN
0207133;04.02.2024;0;SZT;WEDEL;0;PLN
0207134;04.02.2024;0;SZT;WEDEL;0;PLN
0207135;04.02.2024;0;SZT;WEDEL;0;PLN
0207136;04.02.2024;0;SZT;WEDEL;0;PLN
0207591;04.02.2024;0;SZT;WEDEL;0;PLN
0207999;04.02.2024;0;SZT;WEDEL;0;PLN
0208001;04.02.2024;0;SZT;WEDEL;0;PLN
0208002;04.02.2024;0;SZT;WEDEL;0;PLN
0208011;04.02.2024;0;SZT;WEDEL;0;PLN
0208012;04.02.2024;0;SZT;WEDEL;0;PLN
0208021;04.02.2024;0;SZT;WEDEL;0;PLN
0208025;04.02.2024;0;SZT;WEDEL;0;PLN
0209001;04.02.2024;0;SZT;WEDEL;0;PLN
0209002;04.02.2024;0;SZT;WEDEL;0;PLN
0209003;04.02.2024;0;SZT;WEDEL;0;PLN
0209004;04.02.2024;0;SZT;WEDEL;0;PLN
0209999;04.02.2024;0;SZT;WEDEL;0;PLN
0210001;04.02.2024;0;SZT;WEDEL;0;PLN
0250001;04.02.2024;0;SZT;WEDEL;0;PLN
0250010;04.02.2024;0;SZT;WEDEL;0;PLN
0280001;04.02.2024;0;SZT;WEDEL;0;PLN
0280002;04.02.2024;0;SZT;WEDEL;0;PLN
0280003;04.02.2024;0;SZT;WEDEL;0;PLN
0280004;04.02.2024;0;SZT;WEDEL;0;PLN
0280010;04.02.2024;0;SZT;WEDEL;0;PLN
0280011;04.02.2024;0;SZT;WEDEL;0;PLN
0280020;04.02.2024;0;SZT;WEDEL;0;PLN
0280021;04.02.2024;0;SZT;WEDEL;0;PLN
0280022;04.02.2024;0;SZT;WEDEL;0;PLN
0280023;04.02.2024;0;SZT;WEDEL;0;PLN
0280040;04.02.2024;0;SZT;WEDEL;0;PLN
0280041;04.02.2024;0;SZT;WEDEL;0;PLN
0280100;04.02.2024;0;SZT;WEDEL;0;PLN
0290001;04.02.2024;0;SZT;WEDEL;0;PLN
0290002;04.02.2024;0;SZT;WEDEL;0;PLN
0290010;04.02.2024;0;SZT;WEDEL;0;PLN
0299101;04.02.2024;0;SZT;WEDEL;0;PLN
0299105;04.02.2024;0;SZT;WEDEL;0;PLN
0299110;04.02.2024;0;SZT;WEDEL;0;PLN
0299111;04.02.2024;0;SZT;WEDEL;0;PLN
0299115;04.02.2024;0;SZT;WEDEL;0;PLN
0299116;04.02.2024;0;SZT;WEDEL;0;PLN
0299148;04.02.2024;0;SZT;WEDEL;0;PLN
0299149;04.02.2024;0;SZT;WEDEL;0;PLN
0299150;04.02.2024;0;SZT;WEDEL;0;PLN
0299151;04.02.2024;0;SZT;WEDEL;0;PLN
0299152;04.02.2024;0;SZT;WEDEL;0;PLN
0299201;04.02.2024;0;SZT;WEDEL;0;PLN
0299202;04.02.2024;0;SZT;WEDEL;0;PLN
0299205;04.02.2024;0;SZT;WEDEL;0;PLN
0299206;04.02.2024;0;SZT;WEDEL;0;PLN
0299207;04.02.2024;0;SZT;WEDEL;0;PLN
0299211;04.02.2024;0;SZT;WEDEL;0;PLN
0299212;04.02.2024;0;SZT;WEDEL;0;PLN
0299213;04.02.2024;0;SZT;WEDEL;0;PLN
0299214;04.02.2024;0;SZT;WEDEL;0;PLN
0299215;04.02.2024;0;SZT;WEDEL;0;PLN
0299220;04.02.2024;0;SZT;WEDEL;0;PLN
0299221;04.02.2024;0;SZT;WEDEL;0;PLN
0299222;04.02.2024;0;SZT;WEDEL;0;PLN
0299223;04.02.2024;0;SZT;WEDEL;0;PLN
0299224;04.02.2024;0;SZT;WEDEL;0;PLN
0299301;04.02.2024;0;SZT;WEDEL;0;PLN
0299302;04.02.2024;0;SZT;WEDEL;0;PLN
0299303;04.02.2024;0;SZT;WEDEL;0;PLN
0299311;04.02.2024;0;SZT;WEDEL;0;PLN
0299312;04.02.2024;0;SZT;WEDEL;0;PLN
0299320;04.02.2024;0;SZT;WEDEL;0;PLN
0299330;04.02.2024;0;SZT;WEDEL;0;PLN
0299331;04.02.2024;0;SZT;WEDEL;0;PLN
0299332;04.02.2024;0;SZT;WEDEL;0;PLN
0299333;04.02.2024;0;SZT;WEDEL;0;PLN
0299334;04.02.2024;0;SZT;WEDEL;0;PLN
0299335;04.02.2024;0;SZT;WEDEL;0;PLN
0299341;04.02.2024;0;SZT;WEDEL;0;PLN
0299342;04.02.2024;0;SZT;WEDEL;0;PLN
0299343;04.02.2024;0;SZT;WEDEL;0;PLN
0299351;04.02.2024;0;SZT;WEDEL;0;PLN
0299352;04.02.2024;0;SZT;WEDEL;0;PLN
0299361;04.02.2024;0;SZT;WEDEL;0;PLN
0299701;04.02.2024;0;SZT;WEDEL;0;PLN
0299702;04.02.2024;0;SZT;WEDEL;0;PLN
0299711;04.02.2024;0;SZT;WEDEL;0;PLN
0299712;04.02.2024;0;SZT;WEDEL;0;PLN
0299713;04.02.2024;0;SZT;WEDEL;0;PLN
0299714;04.02.2024;0;SZT;WEDEL;0;PLN
0299715;04.02.2024;0;SZT;WEDEL;0;PLN
0299716;04.02.2024;0;SZT;WEDEL;0;PLN
0299717;04.02.2024;0;SZT;WEDEL;0;PLN
0299720;04.02.2024;0;SZT;WEDEL;0;PLN
0299721;04.02.2024;0;SZT;WEDEL;0;PLN
0299722;04.02.2024;0;SZT;WEDEL;0;PLN
0299801;04.02.2024;0;SZT;WEDEL;0;PLN
0299991;04.02.2024;0;SZT;WEDEL;0;PLN
0401011;04.02.2024;0;SZT;JUTRZENKA;0;PLN
0401021;04.02.2024;0;SZT;JUTRZENKA;0;PLN
0401051;04.02.2024;0;SZT;JUTRZENKA;0;PLN
0401051A;04.02.2024;0;SZT;JUTRZENKA;0;PLN
0402001;04.02.2024;0;SZT;JUTRZENKA;0;PLN
0402005;04.02.2024;0;SZT;JUTRZENKA;0;PLN
0402006;04.02.2024;0;SZT;JUTRZENKA;0;PLN
0402007;04.02.2024;0;SZT;JUTRZENKA;0;PLN
0402007A;04.02.2024;0;SZT;JUTRZENKA;0;PLN
0402008;04.02.2024;0;SZT;JUTRZENKA;0;PLN
0402009;04.02.2024;0;SZT;JUTRZENKA;0;PLN
0402010;04.02.2024;0;SZT;JUTRZENKA;0;PLN
0402011;04.02.2024;0;SZT;JUTRZENKA;0;PLN
0402011A;04.02.2024;0;SZT;JUTRZENKA;0;PLN
0402012;04.02.2024;0;SZT;JUTRZENKA;0;PLN
0402013;04.02.2024;0;SZT;JUTRZENKA;0;PLN
0402014;04.02.2024;0;SZT;JUTRZENKA;0;PLN
0402015;04.02.2024;0;SZT;JUTRZENKA;0;PLN
0402015A;04.02.2024;0;SZT;JUTRZENKA;0;PLN
0402016;04.02.2024;0;SZT;JUTRZENKA;0;PLN
0402017;04.02.2024;0;SZT;JUTRZENKA;0;PLN
0402017A;04.02.2024;0;SZT;JUTRZENKA;0;PLN
0402018;04.02.2024;0;SZT;JUTRZENKA;0;PLN
0402019;04.02.2024;0;SZT;JUTRZENKA;0;PLN
0402020;04.02.2024;0;SZT;JUTRZENKA;0;PLN
0402021;04.02.2024;0;SZT;JUTRZENKA;0;PLN
0402022;04.02.2024;0;SZT;JUTRZENKA;0;PLN
0402031;04.02.2024;0;SZT;JUTRZENKA;0;PLN
0402031A;04.02.2024;0;SZT;JUTRZENKA;0;PLN
0402032;04.02.2024;0;SZT;JUTRZENKA;0;PLN
0402033;04.02.2024;0;SZT;JUTRZENKA;0;PLN
0402034;04.02.2024;0;SZT;JUTRZENKA;0;PLN
0402041;04.02.2024;0;SZT;JUTRZENKA;0;PLN
0402041A;04.02.2024;0;SZT;JUTRZENKA;0;PLN
0402042;04.02.2024;0;SZT;JUTRZENKA;0;PLN
0402043;04.02.2024;0;SZT;JUTRZENKA;0;PLN
0402044;04.02.2024;0;SZT;JUTRZENKA;0;PLN
0402051;04.02.2024;0;SZT;JUTRZENKA;0;PLN
0402055;04.02.2024;0;SZT;JUTRZENKA;0;PLN
0402056;04.02.2024;0;SZT;JUTRZENKA;0;PLN
0402058;04.02.2024;0;SZT;JUTRZENKA;0;PLN
0402061;04.02.2024;0;SZT;JUTRZENKA;0;PLN
0402071;04.02.2024;0;SZT;JUTRZENKA;0;PLN
0402071A;04.02.2024;0;SZT;JUTRZENKA;0;PLN
0402072;04.02.2024;0;SZT;JUTRZENKA;0;PLN
0402076;04.02.2024;0;SZT;JUTRZENKA;0;PLN
0402077;04.02.2024;0;SZT;JUTRZENKA;0;PLN
0402078;04.02.2024;0;SZT;JUTRZENKA;0;PLN
0402091;04.02.2024;0;SZT;JUTRZENKA;0;PLN
0402091A;04.02.2024;0;SZT;JUTRZENKA;0;PLN
0402092;04.02.2024;0;SZT;JUTRZENKA;0;PLN
0402101;04.02.2024;0;SZT;JUTRZENKA;0;PLN
0402105A;04.02.2024;0;SZT;JUTRZENKA;0;PLN
0402105B;04.02.2024;0;SZT;JUTRZENKA;0;PLN
0402105C;04.02.2024;0;SZT;JUTRZENKA;0;PLN
0402110;04.02.2024;0;SZT;JUTRZENKA;0;PLN
0402111A;04.02.2024;0;SZT;JUTRZENKA;0;PLN
0402111C;04.02.2024;0;SZT;JUTRZENKA;0;PLN
0402112;04.02.2024;0;SZT;JUTRZENKA;0;PLN
0402112A;04.02.2024;0;SZT;JUTRZENKA;0;PLN
0402113;04.02.2024;0;SZT;JUTRZENKA;0;PLN
0402114;04.02.2024;0;SZT;JUTRZENKA;0;PLN
0402116;04.02.2024;0;SZT;JUTRZENKA;0;PLN
0402121;04.02.2024;0;SZT;JUTRZENKA;0;PLN
0402122;04.02.2024;0;SZT;JUTRZENKA;0;PLN
0402123;04.02.2024;0;SZT;JUTRZENKA;0;PLN
0402130;04.02.2024;0;SZT;JUTRZENKA;0;PLN
0402131;04.02.2024;0;SZT;JUTRZENKA;0;PLN
0402141;04.02.2024;0;SZT;JUTRZENKA;0;PLN
0402151;04.02.2024;0;SZT;JUTRZENKA;0;PLN
0402152;04.02.2024;0;SZT;JUTRZENKA;0;PLN
0402159;04.02.2024;0;SZT;JUTRZENKA;0;PLN
0402165;04.02.2024;0;SZT;JUTRZENKA;0;PLN
0402172;04.02.2024;0;SZT;JUTRZENKA;0;PLN
0402181;04.02.2024;0;SZT;JUTRZENKA;0;PLN
0402182;04.02.2024;0;SZT;JUTRZENKA;0;PLN
0402191;04.02.2024;0;SZT;JUTRZENKA;0;PLN
0402201;04.02.2024;0;SZT;JUTRZENKA;0;PLN
0402202;04.02.2024;0;SZT;JUTRZENKA;0;PLN
0402221;04.02.2024;0;SZT;JUTRZENKA;0;PLN
0402231;04.02.2024;0;SZT;JUTRZENKA;0;PLN
0402801;04.02.2024;0;SZT;JUTRZENKA;0;PLN
0402802;04.02.2024;0;SZT;JUTRZENKA;0;PLN
0402809;04.02.2024;0;SZT;JUTRZENKA;0;PLN
0402810;04.02.2024;0;SZT;JUTRZENKA;0;PLN
0402811;04.02.2024;0;SZT;JUTRZENKA;0;PLN
0402812;04.02.2024;0;SZT;JUTRZENKA;0;PLN
0402815;04.02.2024;0;SZT;JUTRZENKA;0;PLN
0402821;04.02.2024;0;SZT;JUTRZENKA;0;PLN
0402822;04.02.2024;0;SZT;JUTRZENKA;0;PLN
0402829;04.02.2024;0;SZT;JUTRZENKA;0;PLN
0402830;04.02.2024;0;SZT;JUTRZENKA;0;PLN
0402840;04.02.2024;0;SZT;JUTRZENKA;0;PLN
0402842;04.02.2024;0;SZT;JUTRZENKA;0;PLN
0402843;04.02.2024;0;SZT;JUTRZENKA;0;PLN
0402999;04.02.2024;0;SZT;JUTRZENKA;0;PLN
0404000;04.02.2024;0;KG;JUTRZENKA;0;PLN
0404000A;04.02.2024;0;KG;JUTRZENKA;0;PLN
0404001;04.02.2024;0;KG;JUTRZENKA;0;PLN
0404002;04.02.2024;0;KG;JUTRZENKA;0;PLN
0404020;04.02.2024;0;KG;JUTRZENKA;0;PLN
0404021;04.02.2024;0;KG;JUTRZENKA;0;PLN
0404021A;04.02.2024;0;KG;JUTRZENKA;0;PLN
0404022;04.02.2024;0;KG;JUTRZENKA;0;PLN
0404022A;04.02.2024;0;KG;JUTRZENKA;0;PLN
0404023;04.02.2024;0;KG;JUTRZENKA;0;PLN
0404024;04.02.2024;0;KG;JUTRZENKA;0;PLN
0404025;04.02.2024;0;KG;JUTRZENKA;0;PLN
0404026;04.02.2024;0;KG;JUTRZENKA;0;PLN
0404027;04.02.2024;0;KG;JUTRZENKA;0;PLN
0404028;04.02.2024;0;KG;JUTRZENKA;0;PLN
0404029A;04.02.2024;0;KG;JUTRZENKA;0;PLN
0404030;04.02.2024;0;KG;JUTRZENKA;0;PLN
0404031;04.02.2024;0;KG;JUTRZENKA;0;PLN
0404032;04.02.2024;0;KG;JUTRZENKA;0;PLN
0404049;04.02.2024;0;KG;JUTRZENKA;0;PLN
0404050;04.02.2024;0;KG;JUTRZENKA;0;PLN
0404051;04.02.2024;0;KG;JUTRZENKA;0;PLN
0404052;04.02.2024;0;KG;JUTRZENKA;0;PLN
0404053;04.02.2024;0;KG;JUTRZENKA;0;PLN
0404078;04.02.2024;0;KG;JUTRZENKA;0;PLN
0404079;04.02.2024;0;KG;JUTRZENKA;0;PLN
0404080;04.02.2024;0;KG;JUTRZENKA;0;PLN
0404081;04.02.2024;0;KG;JUTRZENKA;0;PLN
0404081B;04.02.2024;0;KG;JUTRZENKA;0;PLN
0404082;04.02.2024;0;KG;JUTRZENKA;0;PLN
0404083;04.02.2024;0;KG;JUTRZENKA;0;PLN
0404084;04.02.2024;0;KG;JUTRZENKA;0;PLN
0404085;04.02.2024;0;KG;JUTRZENKA;0;PLN
0404085A;04.02.2024;0;KG;JUTRZENKA;0;PLN
0404099;04.02.2024;0;KG;JUTRZENKA;0;PLN
0404099A;04.02.2024;0;KG;JUTRZENKA;0;PLN
0404100B;04.02.2024;0;KG;JUTRZENKA;0;PLN
0404101;04.02.2024;0;KG;JUTRZENKA;0;PLN
0404102;04.02.2024;0;KG;JUTRZENKA;0;PLN
0404102B;04.02.2024;0;KG;JUTRZENKA;0;PLN
0404103;04.02.2024;0;KG;JUTRZENKA;0;PLN
0404104;04.02.2024;0;KG;JUTRZENKA;0;PLN
0404105;04.02.2024;0;KG;JUTRZENKA;0;PLN
0404120;04.02.2024;0;KG;JUTRZENKA;0;PLN
0404121;04.02.2024;0;KG;JUTRZENKA;0;PLN
0404122;04.02.2024;0;KG;JUTRZENKA;0;PLN
0404140;04.02.2024;0;KG;JUTRZENKA;0;PLN
0404140A;04.02.2024;0;KG;JUTRZENKA;0;PLN
0404140B;04.02.2024;0;KG;JUTRZENKA;0;PLN
0404141;04.02.2024;0;KG;JUTRZENKA;0;PLN
0404142;04.02.2024;0;KG;JUTRZENKA;0;PLN
0404145;04.02.2024;0;KG;JUTRZENKA;0;PLN
0404145B;04.02.2024;0;KG;JUTRZENKA;0;PLN
0404150;04.02.2024;0;KG;JUTRZENKA;0;PLN
0404160;04.02.2024;0;KG;JUTRZENKA;0;PLN
0404161;04.02.2024;0;KG;JUTRZENKA;0;PLN
0404162;04.02.2024;0;KG;JUTRZENKA;0;PLN
0406000;04.02.2024;0;SZT;JUTRZENKA;0;PLN
0406001;04.02.2024;0;SZT;JUTRZENKA;0;PLN
0406002;04.02.2024;0;SZT;JUTRZENKA;0;PLN
0406003;04.02.2024;0;SZT;JUTRZENKA;0;PLN
0406005;04.02.2024;0;SZT;JUTRZENKA;0;PLN
0406006;04.02.2024;0;SZT;JUTRZENKA;0;PLN
0406008;04.02.2024;0;SZT;JUTRZENKA;0;PLN
0406009;04.02.2024;0;SZT;JUTRZENKA;0;PLN
0406010;04.02.2024;0;SZT;JUTRZENKA;0;PLN
0406012;04.02.2024;0;SZT;JUTRZENKA;0;PLN
0406013A;04.02.2024;0;SZT;JUTRZENKA;0;PLN
0407000;04.02.2024;0;SZT;JUTRZENKA;0;PLN
0407000A;04.02.2024;0;SZT;JUTRZENKA;0;PLN
0407011;04.02.2024;0;SZT;JUTRZENKA;0;PLN
0407030;04.02.2024;0;SZT;JUTRZENKA;0;PLN
0407031;04.02.2024;0;SZT;JUTRZENKA;0;PLN
0407032;04.02.2024;0;SZT;JUTRZENKA;0;PLN
0407040;04.02.2024;0;SZT;JUTRZENKA;0;PLN
0407041;04.02.2024;0;SZT;JUTRZENKA;0;PLN
0407049;04.02.2024;0;SZT;JUTRZENKA;0;PLN
0407050;04.02.2024;0;SZT;JUTRZENKA;0;PLN
0407051;04.02.2024;0;SZT;JUTRZENKA;0;PLN
0407052;04.02.2024;0;SZT;JUTRZENKA;0;PLN
0407080;04.02.2024;0;SZT;JUTRZENKA;0;PLN
0407081;04.02.2024;0;SZT;JUTRZENKA;0;PLN
0499201;04.02.2024;0;SZT;JUTRZENKA;0;PLN
0499202;04.02.2024;0;SZT;JUTRZENKA;0;PLN
0499203;04.02.2024;0;SZT;JUTRZENKA;0;PLN
0499205;04.02.2024;0;SZT;JUTRZENKA;0;PLN
0499206;04.02.2024;0;SZT;JUTRZENKA;0;PLN
0499207;04.02.2024;0;SZT;JUTRZENKA;0;PLN
0499208;04.02.2024;0;SZT;JUTRZENKA;0;PLN
0499209;04.02.2024;0;SZT;JUTRZENKA;0;PLN
0499210;04.02.2024;0;SZT;JUTRZENKA;0;PLN
0499211;04.02.2024;0;SZT;JUTRZENKA;0;PLN
0499212;04.02.2024;0;SZT;JUTRZENKA;0;PLN
0499213;04.02.2024;0;SZT;JUTRZENKA;0;PLN
0499214;04.02.2024;0;SZT;JUTRZENKA;0;PLN
0499215;04.02.2024;0;SZT;JUTRZENKA;0;PLN
0499216;04.02.2024;0;SZT;JUTRZENKA;0;PLN
0499217;04.02.2024;0;SZT;JUTRZENKA;0;PLN
0499218;04.02.2024;0;SZT;JUTRZENKA;0;PLN
0499219;04.02.2024;0;SZT;JUTRZENKA;0;PLN
0499220;04.02.2024;0;SZT;JUTRZENKA;0;PLN
0499221;04.02.2024;0;SZT;JUTRZENKA;0;PLN
0499222;04.02.2024;0;SZT;JUTRZENKA;0;PLN
0499223;04.02.2024;0;SZT;JUTRZENKA;0;PLN
0499224;04.02.2024;0;SZT;JUTRZENKA;0;PLN
0499225;04.02.2024;0;SZT;JUTRZENKA;0;PLN
0499226;04.02.2024;0;SZT;JUTRZENKA;0;PLN
0499227;04.02.2024;0;SZT;JUTRZENKA;0;PLN
0499228;04.02.2024;0;SZT;JUTRZENKA;0;PLN
0499230;04.02.2024;0;SZT;JUTRZENKA;0;PLN
0499401;04.02.2024;0;KG;JUTRZENKA;0;PLN
0499403;04.02.2024;0;KG;JUTRZENKA;0;PLN
0499404;04.02.2024;0;KG;JUTRZENKA;0;PLN
0499405;04.02.2024;0;KG;JUTRZENKA;0;PLN
0499602;04.02.2024;0;SZT;JUTRZENKA;0;PLN
0499701;04.02.2024;0;SZT;JUTRZENKA;0;PLN
0499702;04.02.2024;0;SZT;JUTRZENKA;0;PLN
0499703;04.02.2024;0;SZT;JUTRZENKA;0;PLN
0499704;04.02.2024;0;SZT;JUTRZENKA;0;PLN
0499705;04.02.2024;0;SZT;JUTRZENKA;0;PLN
0499706;04.02.2024;0;SZT;JUTRZENKA;0;PLN
0499707;04.02.2024;0;SZT;JUTRZENKA;0;PLN
0499708;04.02.2024;0;SZT;JUTRZENKA;0;PLN
0499709;04.02.2024;0;SZT;JUTRZENKA;0;PLN
0499710;04.02.2024;0;SZT;JUTRZENKA;0;PLN
0499711;04.02.2024;0;SZT;JUTRZENKA;0;PLN
0499712;04.02.2024;0;SZT;JUTRZENKA;0;PLN
0499713;04.02.2024;0;SZT;JUTRZENKA;0;PLN
0499714;04.02.2024;0;SZT;JUTRZENKA;0;PLN
0499715;04.02.2024;0;SZT;JUTRZENKA;0;PLN
0499716;04.02.2024;0;SZT;JUTRZENKA;0;PLN
0499717;04.02.2024;0;SZT;JUTRZENKA;0;PLN
0499718;04.02.2024;0;SZT;JUTRZENKA;0;PLN
0499719;04.02.2024;0;SZT;JUTRZENKA;0;PLN
0499720;04.02.2024;0;SZT;JUTRZENKA;0;PLN
0499721;04.02.2024;0;SZT;JUTRZENKA;0;PLN
0499905;04.02.2024;0;SZT;JUTRZENKA;0;PLN
0499906;04.02.2024;0;SZT;JUTRZENKA;0;PLN
0499907;04.02.2024;0;SZT;JUTRZENKA;0;PLN
0501011;04.02.2024;0;SZT;MILANO;0;PLN
0501015;04.02.2024;0;SZT;MILANO;0;PLN
0703106A;04.02.2024;0;SZT;WAWEL;0;PLN
1407001;04.02.2024;0;SZT;VAN MELLE;0;PLN
1407002;04.02.2024;0;SZT;VAN MELLE;0;PLN
1407003;04.02.2024;0;SZT;VAN MELLE;0;PLN
1407005;04.02.2024;0;SZT;VAN MELLE;0;PLN
1407011;04.02.2024;0;SZT;VAN MELLE;0;PLN
1407012;04.02.2024;0;SZT;VAN MELLE;0;PLN
1407021;04.02.2024;0;SZT;VAN MELLE;0;PLN
1407031;04.02.2024;0;SZT;VAN MELLE;0;PLN
1407101;04.02.2024;0;SZT;VAN MELLE;0;PLN
1407102;04.02.2024;0;SZT;VAN MELLE;0;PLN
1407103;04.02.2024;0;SZT;VAN MELLE;0;PLN
1407104;04.02.2024;0;SZT;VAN MELLE;0;PLN
1407121;04.02.2024;0;SZT;VAN MELLE;0;PLN
1407122;04.02.2024;0;SZT;VAN MELLE;0;PLN
1407151;04.02.2024;0;SZT;VAN MELLE;0;PLN
1407152;04.02.2024;0;SZT;VAN MELLE;0;PLN
1407401;04.02.2024;0;SZT;VAN MELLE;0;PLN
1407402;04.02.2024;0;SZT;VAN MELLE;0;PLN
1407501;04.02.2024;800;SZT;VAN MELLE;1736;PLN
1407502;04.02.2024;800;SZT;VAN MELLE;1736;PLN
1407503;04.02.2024;360;SZT;VAN MELLE;781,2;PLN
1407504;04.02.2024;0;SZT;VAN MELLE;0;PLN
1407505;04.02.2024;0;SZT;VAN MELLE;0;PLN
1407506;04.02.2024;0;SZT;VAN MELLE;0;PLN
1407507;04.02.2024;0;SZT;VAN MELLE;0;PLN
1407508;04.02.2024;0;SZT;VAN MELLE;0;PLN
1407509;04.02.2024;0;SZT;VAN MELLE;0;PLN
1407510;04.02.2024;0;SZT;VAN MELLE;0;PLN
1407511;04.02.2024;0;SZT;VAN MELLE;0;PLN
1407512;04.02.2024;0;SZT;VAN MELLE;0;PLN
1407513;04.02.2024;0;SZT;VAN MELLE;0;PLN
1407514;04.02.2024;0;SZT;VAN MELLE;0;PLN
1407515;04.02.2024;0;SZT;VAN MELLE;0;PLN
1407516;04.02.2024;0;SZT;VAN MELLE;0;PLN
1407517;04.02.2024;0;SZT;VAN MELLE;0;PLN
1407518;04.02.2024;0;SZT;VAN MELLE;0;PLN
1407519;04.02.2024;0;SZT;VAN MELLE;0;PLN
1407520;04.02.2024;0;SZT;VAN MELLE;0;PLN
1407521;04.02.2024;0;SZT;VAN MELLE;0;PLN
1407522;04.02.2024;0;SZT;VAN MELLE;0;PLN
1407541;04.02.2024;0;SZT;VAN MELLE;0;PLN
1407542;04.02.2024;0;SZT;VAN MELLE;0;PLN
1407543;04.02.2024;0;SZT;VAN MELLE;0;PLN
1407551;04.02.2024;0;SZT;VAN MELLE;0;PLN
1407552;04.02.2024;0;SZT;VAN MELLE;0;PLN
1407553;04.02.2024;0;SZT;VAN MELLE;0;PLN
1407554;04.02.2024;0;SZT;VAN MELLE;0;PLN
1407555;04.02.2024;0;SZT;VAN MELLE;0;PLN
1407556;04.02.2024;0;SZT;VAN MELLE;0;PLN
1407557;04.02.2024;0;SZT;VAN MELLE;0;PLN
1407560;04.02.2024;0;SZT;VAN MELLE;0;PLN
1407561;04.02.2024;0;SZT;VAN MELLE;0;PLN
1407565;04.02.2024;0;SZT;VAN MELLE;0;PLN
1407566;04.02.2024;0;SZT;VAN MELLE;0;PLN
1407571;04.02.2024;0;SZT;VAN MELLE;0;PLN
1407581;04.02.2024;0;SZT;VAN MELLE;0;PLN
1407585;04.02.2024;0;SZT;VAN MELLE;0;PLN
1407591;04.02.2024;0;SZT;VAN MELLE;0;PLN
1407592;04.02.2024;0;SZT;VAN MELLE;0;PLN
1407601;04.02.2024;0;SZT;VAN MELLE;0;PLN
1407602;04.02.2024;0;SZT;VAN MELLE;0;PLN
1407603;04.02.2024;0;SZT;VAN MELLE;0;PLN
1407604;04.02.2024;0;SZT;VAN MELLE;0;PLN
1407611;04.02.2024;0;SZT;VAN MELLE;0;PLN
1407612;04.02.2024;0;SZT;VAN MELLE;0;PLN
1407623;04.02.2024;0;SZT;VAN MELLE;0;PLN
1407624;04.02.2024;0;SZT;VAN MELLE;0;PLN
1407625;04.02.2024;0;SZT;VAN MELLE;0;PLN
1407626;04.02.2024;0;SZT;VAN MELLE;0;PLN
1407627;04.02.2024;0;SZT;VAN MELLE;0;PLN
1407628;04.02.2024;0;SZT;VAN MELLE;0;PLN
1407629;04.02.2024;0;SZT;VAN MELLE;0;PLN
1407632;04.02.2024;0;SZT;VAN MELLE;0;PLN
1407633;04.02.2024;0;SZT;VAN MELLE;0;PLN
1407634;04.02.2024;0;SZT;VAN MELLE;0;PLN
1407639;04.02.2024;0;SZT;VAN MELLE;0;PLN
1407641;04.02.2024;0;SZT;VAN MELLE;0;PLN
1407642;04.02.2024;0;SZT;VAN MELLE;0;PLN
1407651;04.02.2024;0;SZT;VAN MELLE;0;PLN
1407652;04.02.2024;0;SZT;VAN MELLE;0;PLN
1407655;04.02.2024;0;SZT;VAN MELLE;0;PLN
1407661;04.02.2024;0;SZT;VAN MELLE;0;PLN
1407671;04.02.2024;0;SZT;VAN MELLE;0;PLN
1407681;04.02.2024;0;SZT;VAN MELLE;0;PLN
1407691;04.02.2024;0;SZT;VAN MELLE;0;PLN
1407701;04.02.2024;0;SZT;VAN MELLE;0;PLN
1407702;04.02.2024;0;SZT;VAN MELLE;0;PLN
1407711;04.02.2024;0;SZT;VAN MELLE;0;PLN
1407715;04.02.2024;0;SZT;VAN MELLE;0;PLN
1407731;04.02.2024;0;SZT;VAN MELLE;0;PLN
1407732;04.02.2024;0;SZT;VAN MELLE;0;PLN
1407733;04.02.2024;0;SZT;VAN MELLE;0;PLN
1407741;04.02.2024;0;SZT;VAN MELLE;0;PLN
1407742;04.02.2024;0;SZT;VAN MELLE;0;PLN
1407751;04.02.2024;0;SZT;VAN MELLE;0;PLN
1407752;04.02.2024;0;SZT;VAN MELLE;0;PLN
1407753;04.02.2024;0;SZT;VAN MELLE;0;PLN
1407758;04.02.2024;0;SZT;VAN MELLE;0;PLN
1407759;04.02.2024;0;SZT;VAN MELLE;0;PLN
1407761;04.02.2024;0;SZT;VAN MELLE;0;PLN
1407762;04.02.2024;0;SZT;VAN MELLE;0;PLN
1407763;04.02.2024;0;SZT;VAN MELLE;0;PLN
1407781;04.02.2024;0;SZT;VAN MELLE;0;PLN
1407782;04.02.2024;0;SZT;VAN MELLE;0;PLN
1407783;04.02.2024;0;SZT;VAN MELLE;0;PLN
1407784;04.02.2024;0;SZT;VAN MELLE;0;PLN
1407785;04.02.2024;0;SZT;VAN MELLE;0;PLN
1407886;04.02.2024;0;SZT;VAN MELLE;0;PLN
1407887;04.02.2024;0;SZT;VAN MELLE;0;PLN
1407888;04.02.2024;0;SZT;VAN MELLE;0;PLN
1407889;04.02.2024;0;SZT;VAN MELLE;0;PLN
1407890;04.02.2024;0;SZT;VAN MELLE;0;PLN
1407891;04.02.2024;0;SZT;VAN MELLE;0;PLN
1407892;04.02.2024;0;SZT;VAN MELLE;0;PLN
1407893;04.02.2024;0;SZT;VAN MELLE;0;PLN
1407894;04.02.2024;0;SZT;VAN MELLE;0;PLN
1407895;04.02.2024;0;SZT;VAN MELLE;0;PLN
1407896;04.02.2024;0;SZT;VAN MELLE;0;PLN
1407897;04.02.2024;0;SZT;VAN MELLE;0;PLN
1407898;04.02.2024;0;SZT;VAN MELLE;0;PLN
1407899;04.02.2024;0;SZT;VAN MELLE;0;PLN
1407900;04.02.2024;0;SZT;VAN MELLE;0;PLN
1407901;04.02.2024;0;SZT;VAN MELLE;0;PLN
1407902;04.02.2024;0;SZT;VAN MELLE;0;PLN
1407903;04.02.2024;0;SZT;VAN MELLE;0;PLN
1407905;04.02.2024;0;SZT;VAN MELLE;0;PLN
1407906;04.02.2024;0;SZT;VAN MELLE;0;PLN
1407907;04.02.2024;0;SZT;VAN MELLE;0;PLN
1407908;04.02.2024;0;SZT;VAN MELLE;0;PLN
1407909;04.02.2024;0;SZT;VAN MELLE;0;PLN
1407910;04.02.2024;0;SZT;VAN MELLE;0;PLN
1407911;04.02.2024;0;SZT;VAN MELLE;0;PLN
1407931;04.02.2024;0;SZT;VAN MELLE;0;PLN
1407951;04.02.2024;0;SZT;VAN MELLE;0;PLN
1407971;04.02.2024;0;SZT;VAN MELLE;0;PLN
1407998;04.02.2024;0;DISP;VAN MELLE;0;PLN
1407999;04.02.2024;0;SZT;VAN MELLE;0;PLN
1409022;04.02.2024;0;SZT;VAN MELLE;0;PLN
1409023;04.02.2024;0;SZT;VAN MELLE;0;PLN
1409024;04.02.2024;0;SZT;VAN MELLE;0;PLN
1409025;04.02.2024;0;SZT;VAN MELLE;0;PLN
1409026;04.02.2024;0;SZT;VAN MELLE;0;PLN
1409028;04.02.2024;0;SZT;VAN MELLE;0;PLN
1409030;04.02.2024;0;SZT;VAN MELLE;0;PLN
1409031;04.02.2024;0;SZT;VAN MELLE;0;PLN
1409032;04.02.2024;0;SZT;VAN MELLE;0;PLN
1409041;04.02.2024;0;SZT;VAN MELLE;0;PLN
1409051;04.02.2024;0;SZT;VAN MELLE;0;PLN
1409061;04.02.2024;0;SZT;VAN MELLE;0;PLN
1409071;04.02.2024;0;SZT;VAN MELLE;0;PLN
1409072;04.02.2024;0;SZT;VAN MELLE;0;PLN
1409101;04.02.2024;0;SZT;VAN MELLE;0;PLN
1409102;04.02.2024;0;SZT;VAN MELLE;0;PLN
1409103;04.02.2024;0;SZT;VAN MELLE;0;PLN
1409104;04.02.2024;0;SZT;VAN MELLE;0;PLN
1409110;04.02.2024;0;SZT;VAN MELLE;0;PLN
1409111;04.02.2024;0;SZT;VAN MELLE;0;PLN
1409997;04.02.2024;0;SZT;VAN MELLE;0;PLN
1409998;04.02.2024;0;SZT;VAN MELLE;0;PLN
1409999;04.02.2024;0;SZT;VAN MELLE;0;PLN
1410101;04.02.2024;0;SZT;VAN MELLE;0;PLN
1410102;04.02.2024;0;SZT;VAN MELLE;0;PLN
1410104;04.02.2024;0;SZT;VAN MELLE;0;PLN
1410115;04.02.2024;0;SZT;VAN MELLE;0;PLN
1410116;04.02.2024;0;SZT;VAN MELLE;0;PLN
1410120;04.02.2024;0;SZT;VAN MELLE;0;PLN
1410121;04.02.2024;0;SZT;VAN MELLE;0;PLN
1410122;04.02.2024;0;SZT;VAN MELLE;0;PLN
1410123;04.02.2024;0;SZT;VAN MELLE;0;PLN
1410124;04.02.2024;0;SZT;VAN MELLE;0;PLN
1410125;04.02.2024;0;SZT;VAN MELLE;0;PLN
1410128;04.02.2024;0;SZT;VAN MELLE;0;PLN
1410129;04.02.2024;0;SZT;VAN MELLE;0;PLN
1410130;04.02.2024;0;SZT;VAN MELLE;0;PLN
1410131;04.02.2024;0;SZT;VAN MELLE;0;PLN
1410132;04.02.2024;0;SZT;VAN MELLE;0;PLN
1410133;04.02.2024;0;SZT;VAN MELLE;0;PLN
1410135;04.02.2024;0;SZT;VAN MELLE;0;PLN
1410135B;04.02.2024;0;SZT;VAN MELLE;0;PLN
1410136;04.02.2024;0;SZT;VAN MELLE;0;PLN
1410137;04.02.2024;0;SZT;VAN MELLE;0;PLN
1410138;04.02.2024;0;SZT;VAN MELLE;0;PLN
1410139;04.02.2024;0;SZT;VAN MELLE;0;PLN
1410140;04.02.2024;0;SZT;VAN MELLE;0;PLN
1410141;04.02.2024;0;SZT;VAN MELLE;0;PLN
1410142;04.02.2024;0;SZT;VAN MELLE;0;PLN
1410142A;04.02.2024;0;SZT;VAN MELLE;0;PLN
1410142AA;04.02.2024;0;SZT;VAN MELLE;0;PLN
1410143;04.02.2024;0;SZT;VAN MELLE;0;PLN
1410144;04.02.2024;0;SZT;VAN MELLE;0;PLN
1410144A;04.02.2024;0;SZT;VAN MELLE;0;PLN
1410145;04.02.2024;0;SZT;VAN MELLE;0;PLN
1410146;04.02.2024;0;SZT;VAN MELLE;0;PLN
1410148;04.02.2024;0;SZT;VAN MELLE;0;PLN
1410149B;04.02.2024;0;SZT;VAN MELLE;0;PLN
1410151;04.02.2024;0;SZT;VAN MELLE;0;PLN
1410152;04.02.2024;0;SZT;VAN MELLE;0;PLN
1410153;04.02.2024;0;SZT;VAN MELLE;0;PLN
1410154;04.02.2024;0;SZT;VAN MELLE;0;PLN
1410161;04.02.2024;0;SZT;VAN MELLE;0;PLN
1410162;04.02.2024;0;SZT;VAN MELLE;0;PLN
1410163;04.02.2024;0;SZT;VAN MELLE;0;PLN
1410164;04.02.2024;0;SZT;VAN MELLE;0;PLN
1410165;04.02.2024;0;SZT;VAN MELLE;0;PLN
1410166;04.02.2024;0;SZT;VAN MELLE;0;PLN
1410167;04.02.2024;0;SZT;VAN MELLE;0;PLN
1410171;04.02.2024;0;SZT;VAN MELLE;0;PLN
1410172;04.02.2024;0;SZT;VAN MELLE;0;PLN
1410175;04.02.2024;0;SZT;VAN MELLE;0;PLN
1410181;04.02.2024;0;SZT;VAN MELLE;0;PLN
1410182;04.02.2024;0;SZT;VAN MELLE;0;PLN
1410190;04.02.2024;0;SZT;VAN MELLE;0;PLN
1410191;04.02.2024;0;SZT;VAN MELLE;0;PLN
1410192;04.02.2024;0;SZT;VAN MELLE;0;PLN
1410195;04.02.2024;0;SZT;VAN MELLE;0;PLN
1410196;04.02.2024;0;SZT;VAN MELLE;0;PLN
1410197;04.02.2024;0;SZT;VAN MELLE;0;PLN
1410201;04.02.2024;0;SZT;VAN MELLE;0;PLN
1410201A;04.02.2024;0;SZT;VAN MELLE;0;PLN
1410301;04.02.2024;0;SZT;VAN MELLE;0;PLN
1410304;04.02.2024;0;SZT;VAN MELLE;0;PLN
1410305;04.02.2024;0;SZT;VAN MELLE;0;PLN
1410306;04.02.2024;3194;SZT;VAN MELLE;1884,46;PLN
1410306B;04.02.2024;0;SZT;VAN MELLE;0;PLN
1410307;04.02.2024;0;SZT;VAN MELLE;0;PLN
1410308;04.02.2024;0;SZT;VAN MELLE;0;PLN
1410351;04.02.2024;0;SZT;VAN MELLE;0;PLN
1410352;04.02.2024;0;SZT;VAN MELLE;0;PLN
1410361;04.02.2024;0;SZT;VAN MELLE;0;PLN
1410370;04.02.2024;0;SZT;VAN MELLE;0;PLN
1410371;04.02.2024;0;SZT;VAN MELLE;0;PLN
1410372;04.02.2024;0;SZT;VAN MELLE;0;PLN
1410373;04.02.2024;0;SZT;VAN MELLE;0;PLN
1410701;04.02.2024;0;SZT;VAN MELLE;0;PLN
1410983;04.02.2024;0;SZT;VAN MELLE;0;PLN
1410984;04.02.2024;0;SZT;VAN MELLE;0;PLN
1410985;04.02.2024;0;SZT;VAN MELLE;0;PLN
1410986;04.02.2024;0;SZT;VAN MELLE;0;PLN
1410987;04.02.2024;0;SZT;VAN MELLE;0;PLN
1410988;04.02.2024;0;SZT;VAN MELLE;0;PLN
1410989;04.02.2024;0;SZT;VAN MELLE;0;PLN
1410990;04.02.2024;0;SZT;VAN MELLE;0;PLN
1410991;04.02.2024;0;SZT;VAN MELLE;0;PLN
1410992;04.02.2024;0;SZT;VAN MELLE;0;PLN
1410993;04.02.2024;0;SZT;VAN MELLE;0;PLN
1410994;04.02.2024;0;SZT;VAN MELLE;0;PLN
1410995;04.02.2024;0;SZT;VAN MELLE;0;PLN
1410996;04.02.2024;0;SZT;VAN MELLE;0;PLN
1410997;04.02.2024;0;SZT;VAN MELLE;0;PLN
1410998;04.02.2024;0;SZT;VAN MELLE;0;PLN
1410999;04.02.2024;0;SZT;VAN MELLE;0;PLN
1411051;04.02.2024;0;SZT;VAN MELLE;0;PLN
1411052;04.02.2024;0;SZT;VAN MELLE;0;PLN
1411056;04.02.2024;0;SZT;VAN MELLE;0;PLN
1411057;04.02.2024;0;SZT;VAN MELLE;0;PLN
1411081;04.02.2024;0;SZT;VAN MELLE;0;PLN
1411082;04.02.2024;0;SZT;VAN MELLE;0;PLN
1411085;04.02.2024;0;SZT;VAN MELLE;0;PLN
1411086;04.02.2024;0;SZT;VAN MELLE;0;PLN
1411091;04.02.2024;0;SZT;VAN MELLE;0;PLN
1411092;04.02.2024;0;SZT;VAN MELLE;0;PLN
1411095;04.02.2024;0;SZT;VAN MELLE;0;PLN
1411096;04.02.2024;0;SZT;VAN MELLE;0;PLN
1411097;04.02.2024;0;SZT;VAN MELLE;0;PLN
1411098;04.02.2024;0;SZT;VAN MELLE;0;PLN
1411100;04.02.2024;0;SZT;VAN MELLE;0;PLN
1411101;04.02.2024;0;SZT;VAN MELLE;0;PLN
1411102;04.02.2024;0;SZT;VAN MELLE;0;PLN
1411103;04.02.2024;0;SZT;VAN MELLE;0;PLN
1411104;04.02.2024;0;SZT;VAN MELLE;0;PLN
1411111;04.02.2024;0;SZT;VAN MELLE;0;PLN
1411115;04.02.2024;0;SZT;VAN MELLE;0;PLN
1411116;04.02.2024;0;SZT;VAN MELLE;0;PLN
1411117;04.02.2024;0;SZT;VAN MELLE;0;PLN
1411121;04.02.2024;0;SZT;VAN MELLE;0;PLN
1411122;04.02.2024;0;SZT;VAN MELLE;0;PLN
1411123;04.02.2024;0;SZT;VAN MELLE;0;PLN
1411124;04.02.2024;0;SZT;VAN MELLE;0;PLN
1411125;04.02.2024;0;SZT;VAN MELLE;0;PLN
1411126;04.02.2024;0;SZT;VAN MELLE;0;PLN
1411127;04.02.2024;0;SZT;VAN MELLE;0;PLN
1411130;04.02.2024;0;SZT;VAN MELLE;0;PLN
1411131;04.02.2024;0;SZT;VAN MELLE;0;PLN
1411132;04.02.2024;0;SZT;VAN MELLE;0;PLN
1411135;04.02.2024;0;SZT;VAN MELLE;0;PLN
1411136;04.02.2024;0;SZT;VAN MELLE;0;PLN
1411137;04.02.2024;0;SZT;VAN MELLE;0;PLN
1411141;04.02.2024;0;SZT;VAN MELLE;0;PLN
1411142;04.02.2024;0;SZT;VAN MELLE;0;PLN
1411143;04.02.2024;0;SZT;VAN MELLE;0;PLN
1411144;04.02.2024;0;SZT;VAN MELLE;0;PLN
1411145;04.02.2024;0;SZT;VAN MELLE;0;PLN
1411145B;04.02.2024;0;SZT;VAN MELLE;0;PLN
1411146;04.02.2024;0;SZT;VAN MELLE;0;PLN
1411149;04.02.2024;0;SZT;VAN MELLE;0;PLN
1411150;04.02.2024;0;SZT;VAN MELLE;0;PLN
1411151;04.02.2024;0;SZT;VAN MELLE;0;PLN
1411161;04.02.2024;0;SZT;VAN MELLE;0;PLN
1411162;04.02.2024;0;SZT;VAN MELLE;0;PLN
1411181;04.02.2024;0;SZT;VAN MELLE;0;PLN
1411182;04.02.2024;0;SZT;VAN MELLE;0;PLN
1411201;04.02.2024;0;SZT;VAN MELLE;0;PLN
1411202;04.02.2024;0;SZT;VAN MELLE;0;PLN
1411203;04.02.2024;0;SZT;VAN MELLE;0;PLN
1411204;04.02.2024;0;SZT;VAN MELLE;0;PLN
1411221;04.02.2024;0;SZT;VAN MELLE;0;PLN
1411222;04.02.2024;0;SZT;VAN MELLE;0;PLN
1411223;04.02.2024;0;SZT;VAN MELLE;0;PLN
1411224;04.02.2024;0;SZT;VAN MELLE;0;PLN
1411251;04.02.2024;0;SZT;VAN MELLE;0;PLN
1411252;04.02.2024;0;SZT;VAN MELLE;0;PLN
1411260;04.02.2024;0;SZT;VAN MELLE;0;PLN
1411261;04.02.2024;0;SZT;VAN MELLE;0;PLN
1411262;04.02.2024;0;SZT;VAN MELLE;0;PLN
1411271;04.02.2024;0;SZT;VAN MELLE;0;PLN
1411272;04.02.2024;0;SZT;VAN MELLE;0;PLN
1411273;04.02.2024;0;SZT;VAN MELLE;0;PLN
1411274;04.02.2024;0;SZT;VAN MELLE;0;PLN
1411281;04.02.2024;0;SZT;VAN MELLE;0;PLN
1411282;04.02.2024;0;SZT;VAN MELLE;0;PLN
1411283;04.02.2024;0;SZT;VAN MELLE;0;PLN
1411284;04.02.2024;0;SZT;VAN MELLE;0;PLN
1411285;04.02.2024;0;SZT;VAN MELLE;0;PLN
1411286;04.02.2024;0;SZT;VAN MELLE;0;PLN
1411301;04.02.2024;0;SZT;VAN MELLE;0;PLN
1411302;04.02.2024;0;SZT;VAN MELLE;0;PLN
1411401;04.02.2024;0;SZT;VAN MELLE;0;PLN
1411402;04.02.2024;0;SZT;VAN MELLE;0;PLN
1411990;04.02.2024;0;SZT;VAN MELLE;0;PLN
1411991;04.02.2024;0;SZT;VAN MELLE;0;PLN
1411992;04.02.2024;0;SZT;VAN MELLE;0;PLN
1411993;04.02.2024;0;SZT;VAN MELLE;0;PLN
1411994;04.02.2024;0;SZT;VAN MELLE;0;PLN
1411995;04.02.2024;0;SZT;VAN MELLE;0;PLN
1411996;04.02.2024;0;SZT;VAN MELLE;0;PLN
1411997;04.02.2024;0;SZT;VAN MELLE;0;PLN
1411998;04.02.2024;0;SZT;VAN MELLE;0;PLN
1411999;04.02.2024;0;SZT;VAN MELLE;0;PLN
1499701;04.02.2024;0;SZT;VAN MELLE;0;PLN
1499702;04.02.2024;0;SZT;VAN MELLE;0;PLN
1499801;04.02.2024;0;SZT;VAN MELLE;0;PLN
1499802;04.02.2024;0;SZT;VAN MELLE;0;PLN
1499803;04.02.2024;0;SZT;VAN MELLE;0;PLN
1499804;04.02.2024;0;SZT;VAN MELLE;0;PLN
1499805;04.02.2024;0;SZT;VAN MELLE;0;PLN
1499806;04.02.2024;0;SZT;VAN MELLE;0;PLN
1499966;04.02.2024;0;SZT;VAN MELLE;0;PLN
1499967;04.02.2024;0;SZT;VAN MELLE;0;PLN
1499968;04.02.2024;0;SZT;VAN MELLE;0;PLN
1499969;04.02.2024;0;SZT;VAN MELLE;0;PLN
1499970;04.02.2024;0;SZT;VAN MELLE;0;PLN
1499971;04.02.2024;0;SZT;VAN MELLE;0;PLN
1499972;04.02.2024;0;SZT;VAN MELLE;0;PLN
1499973;04.02.2024;0;SZT;VAN MELLE;0;PLN
1499974;04.02.2024;0;SZT;VAN MELLE;0;PLN
1499975;04.02.2024;0;SZT;VAN MELLE;0;PLN
1499976;04.02.2024;0;SZT;VAN MELLE;0;PLN
1499977;04.02.2024;0;SZT;VAN MELLE;0;PLN
1499978;04.02.2024;0;SZT;VAN MELLE;0;PLN
1499979;04.02.2024;0;SZT;VAN MELLE;0;PLN
1499980;04.02.2024;0;SZT;VAN MELLE;0;PLN
1499981;04.02.2024;0;SZT;VAN MELLE;0;PLN
1499982;04.02.2024;0;SZT;VAN MELLE;0;PLN
1499983;04.02.2024;0;SZT;VAN MELLE;0;PLN
1499984;04.02.2024;0;SZT;VAN MELLE;0;PLN
1499985;04.02.2024;0;SZT;VAN MELLE;0;PLN
1499986;04.02.2024;0;SZT;VAN MELLE;0;PLN
1499987;04.02.2024;0;SZT;VAN MELLE;0;PLN
1499988;04.02.2024;0;SZT;VAN MELLE;0;PLN
1499989;04.02.2024;0;SZT;VAN MELLE;0;PLN
1499990;04.02.2024;0;SZT;VAN MELLE;0;PLN
1499991;04.02.2024;0;SZT;VAN MELLE;0;PLN
1499993;04.02.2024;0;SZT;VAN MELLE;0;PLN
1499994;04.02.2024;0;SZT;VAN MELLE;0;PLN
1499995;04.02.2024;0;SZT;VAN MELLE;0;PLN
1499996;04.02.2024;0;SZT;VAN MELLE;0;PLN
1499997;04.02.2024;0;SZT;VAN MELLE;0;PLN
1499998;04.02.2024;0;SZT;VAN MELLE;0;PLN
1499999;04.02.2024;0;SZT;VAN MELLE;0;PLN
1501001;04.02.2024;0;SZT;JUTRZENKA;0;PLN
1501003;04.02.2024;0;SZT;JUTRZENKA;0;PLN
1501011;04.02.2024;0;SZT;JUTRZENKA;0;PLN
1501011A;04.02.2024;0;SZT;JUTRZENKA;0;PLN
1501012;04.02.2024;0;SZT;JUTRZENKA;0;PLN
1501012A;04.02.2024;0;SZT;JUTRZENKA;0;PLN
1501015;04.02.2024;576;SZT;JUTRZENKA;887,04;PLN
1501021;04.02.2024;0;SZT;JUTRZENKA;0;PLN
1501022;04.02.2024;0;SZT;JUTRZENKA;0;PLN
1501023;04.02.2024;0;SZT;JUTRZENKA;0;PLN
1501025;04.02.2024;0;SZT;JUTRZENKA;0;PLN
1501026;04.02.2024;0;SZT;JUTRZENKA;0;PLN
1501027;04.02.2024;0;SZT;JUTRZENKA;0;PLN
1501029;04.02.2024;0;SZT;JUTRZENKA;0;PLN
1501101;04.02.2024;0;SZT;JUTRZENKA;0;PLN
1501102;04.02.2024;0;SZT;JUTRZENKA;0;PLN
1501121;04.02.2024;0;SZT;JUTRZENKA;0;PLN
1502001;04.02.2024;0;SZT;JUTRZENKA;0;PLN
1502001A;04.02.2024;0;SZT;JUTRZENKA;0;PLN
1502002;04.02.2024;0;SZT;JUTRZENKA;0;PLN
1502002A;04.02.2024;0;SZT;JUTRZENKA;0;PLN
1502011;04.02.2024;0;SZT;JUTRZENKA;0;PLN
1502031;04.02.2024;0;SZT;JUTRZENKA;0;PLN
1502031A;04.02.2024;0;SZT;JUTRZENKA;0;PLN
1502032;04.02.2024;0;SZT;JUTRZENKA;0;PLN
1502032A;04.02.2024;0;SZT;JUTRZENKA;0;PLN
1502061;04.02.2024;0;SZT;JUTRZENKA;0;PLN
1502091;04.02.2024;0;SZT;JUTRZENKA;0;PLN
1502121;04.02.2024;0;SZT;JUTRZENKA;0;PLN
1502121A;04.02.2024;0;SZT;JUTRZENKA;0;PLN
1502121AA;04.02.2024;0;SZT;JUTRZENKA;0;PLN
1502125;04.02.2024;0;SZT;JUTRZENKA;0;PLN
1502126;04.02.2024;0;SZT;JUTRZENKA;0;PLN
1502127;04.02.2024;0;SZT;JUTRZENKA;0;PLN
1502131;04.02.2024;0;SZT;JUTRZENKA;0;PLN
1502141;04.02.2024;0;SZT;JUTRZENKA;0;PLN
1502142;04.02.2024;0;SZT;JUTRZENKA;0;PLN
1502144;04.02.2024;0;SZT;JUTRZENKA;0;PLN
1502146;04.02.2024;0;SZT;JUTRZENKA;0;PLN
1502151;04.02.2024;0;SZT;JUTRZENKA;0;PLN
1502151A;04.02.2024;0;SZT;JUTRZENKA;0;PLN
1502152;04.02.2024;0;SZT;JUTRZENKA;0;PLN
1502152A;04.02.2024;0;SZT;JUTRZENKA;0;PLN
1502161;04.02.2024;0;SZT;JUTRZENKA;0;PLN
1502181;04.02.2024;0;SZT;JUTRZENKA;0;PLN
1502201A;04.02.2024;0;SZT;JUTRZENKA;0;PLN
1502221;04.02.2024;0;SZT;JUTRZENKA;0;PLN
1502225;04.02.2024;0;SZT;JUTRZENKA;0;PLN
1502301;04.02.2024;0;SZT;JUTRZENKA;0;PLN
1502301A;04.02.2024;0;SZT;JUTRZENKA;0;PLN
1502301AA;04.02.2024;0;SZT;JUTRZENKA;0;PLN
1502305;04.02.2024;0;SZT;JUTRZENKA;0;PLN
1502305A;04.02.2024;0;SZT;JUTRZENKA;0;PLN
1503000;04.02.2024;177;SZT;JUTRZENKA;635,43;PLN
1503001;04.02.2024;0;SZT;JUTRZENKA;0;PLN
1503002;04.02.2024;111;SZT;JUTRZENKA;398,49;PLN
1503003;04.02.2024;0;SZT;JUTRZENKA;0;PLN
1503004;04.02.2024;0;SZT;JUTRZENKA;0;PLN
1503004A;04.02.2024;0;SZT;JUTRZENKA;0;PLN
1503006;04.02.2024;0;SZT;JUTRZENKA;0;PLN
1503007;04.02.2024;0;SZT;JUTRZENKA;0;PLN
1503008;04.02.2024;0;SZT;JUTRZENKA;0;PLN
1503008A;04.02.2024;0;SZT;JUTRZENKA;0;PLN
1503011;04.02.2024;0;SZT;JUTRZENKA;0;PLN
1503012;04.02.2024;0;SZT;JUTRZENKA;0;PLN
1503012A;04.02.2024;0;SZT;JUTRZENKA;0;PLN
1503014;04.02.2024;0;SZT;JUTRZENKA;0;PLN
1503015;04.02.2024;0;SZT;JUTRZENKA;0;PLN
1503018;04.02.2024;0;SZT;JUTRZENKA;0;PLN
1503019;04.02.2024;0;SZT;JUTRZENKA;0;PLN
1503021;04.02.2024;0;SZT;JUTRZENKA;0;PLN
1503031;04.02.2024;0;SZT;JUTRZENKA;0;PLN
1503032;04.02.2024;0;SZT;JUTRZENKA;0;PLN
1503033;04.02.2024;0;SZT;JUTRZENKA;0;PLN
1503034;04.02.2024;0;SZT;JUTRZENKA;0;PLN
1503034B;04.02.2024;0;SZT;JUTRZENKA;0;PLN
1503035;04.02.2024;0;SZT;JUTRZENKA;0;PLN
1503035A;04.02.2024;0;SZT;JUTRZENKA;0;PLN
1503036;04.02.2024;0;SZT;JUTRZENKA;0;PLN
1503036A;04.02.2024;0;SZT;JUTRZENKA;0;PLN
1503037;04.02.2024;0;SZT;JUTRZENKA;0;PLN
1503037A;04.02.2024;0;SZT;JUTRZENKA;0;PLN
1503081;04.02.2024;0;SZT;JUTRZENKA;0;PLN
1503082;04.02.2024;0;SZT;JUTRZENKA;0;PLN
1503101;04.02.2024;0;SZT;JUTRZENKA;0;PLN
1503101A;04.02.2024;0;SZT;JUTRZENKA;0;PLN
1503102;04.02.2024;0;SZT;JUTRZENKA;0;PLN
1503103;04.02.2024;0;SZT;JUTRZENKA;0;PLN
1503104;04.02.2024;0;SZT;JUTRZENKA;0;PLN
1503105;04.02.2024;0;SZT;JUTRZENKA;0;PLN
1503105A;04.02.2024;0;SZT;JUTRZENKA;0;PLN
1503106;04.02.2024;0;SZT;JUTRZENKA;0;PLN
1503106A;04.02.2024;0;SZT;JUTRZENKA;0;PLN
1503121A;04.02.2024;0;SZT;JUTRZENKA;0;PLN
1503122;04.02.2024;0;SZT;JUTRZENKA;0;PLN
1503123;04.02.2024;0;SZT;JUTRZENKA;0;PLN
1503125;04.02.2024;0;SZT;JUTRZENKA;0;PLN
1503126;04.02.2024;0;SZT;JUTRZENKA;0;PLN
1503127;04.02.2024;0;SZT;JUTRZENKA;0;PLN
1503128;04.02.2024;0;SZT;JUTRZENKA;0;PLN
1503128A;04.02.2024;0;SZT;JUTRZENKA;0;PLN
1503135;04.02.2024;0;SZT;JUTRZENKA;0;PLN
1503136;04.02.2024;0;SZT;JUTRZENKA;0;PLN
1503137;04.02.2024;0;SZT;JUTRZENKA;0;PLN
1503138;04.02.2024;0;SZT;JUTRZENKA;0;PLN
1503151;04.02.2024;0;SZT;JUTRZENKA;0;PLN
1503152;04.02.2024;0;SZT;JUTRZENKA;0;PLN
1503152A;04.02.2024;0;SZT;GOPLANA;0;PLN
1503153;04.02.2024;0;SZT;JUTRZENKA;0;PLN
1503154;04.02.2024;0;SZT;JUTRZENKA;0;PLN
1503501;04.02.2024;0;SZT;JUTRZENKA;0;PLN
1503502;04.02.2024;0;SZT;JUTRZENKA;0;PLN
1503510;04.02.2024;0;SZT;JUTRZENKA;0;PLN
1503521;04.02.2024;0;SZT;JUTRZENKA;0;PLN
1503521A;04.02.2024;0;SZT;JUTRZENKA;0;PLN
1503522;04.02.2024;0;SZT;JUTRZENKA;0;PLN
1503523;04.02.2024;0;SZT;JUTRZENKA;0;PLN
1503523A;04.02.2024;0;SZT;JUTRZENKA;0;PLN
1503998;04.02.2024;0;SZT;JUTRZENKA;0;PLN
1503999;04.02.2024;0;SZT;JUTRZENKA;0;PLN
1504001;04.02.2024;0;KG;JUTRZENKA;0;PLN
1504001A;04.02.2024;0;KG;JUTRZENKA;0;PLN
1504001AA;04.02.2024;0;KG;JUTRZENKA;0;PLN
1504002;04.02.2024;0;KG;JUTRZENKA;0;PLN
1504002A;04.02.2024;0;KG;JUTRZENKA;0;PLN
1504003;04.02.2024;32,5;KG;JUTRZENKA;1120,6;PLN
1504004;04.02.2024;0;KG;JUTRZENKA;0;PLN
1504006;04.02.2024;0;KG;JUTRZENKA;0;PLN
1504008;04.02.2024;17;KG;JUTRZENKA;860,71;PLN
1504009;04.02.2024;25;KG;JUTRZENKA;1265,75;PLN
1504011;04.02.2024;0;KG;JUTRZENKA;0;PLN
1504016;04.02.2024;0;KG;JUTRZENKA;0;PLN
1504021;04.02.2024;0;KG;JUTRZENKA;0;PLN
1504025;04.02.2024;0;KG;JUTRZENKA;0;PLN
1504030;04.02.2024;15;KG;JUTRZENKA;442,5;PLN
1504040;04.02.2024;12;KG;JUTRZENKA;272,52;PLN
1504201;04.02.2024;0;KG;JUTRZENKA;0;PLN
1504201A;04.02.2024;0;KG;JUTRZENKA;0;PLN
1504202;04.02.2024;67,5;KG;JUTRZENKA;1414,13;PLN
1504203;04.02.2024;0;KG;JUTRZENKA;0;PLN
1504501;04.02.2024;0;KG;JUTRZENKA;0;PLN
1504501A;04.02.2024;0;KG;JUTRZENKA;0;PLN
1504601;04.02.2024;0;KG;JUTRZENKA;0;PLN
1504602;04.02.2024;0;KG;JUTRZENKA;0;PLN
1504999;04.02.2024;0;KG;JUTRZENKA;0;PLN
1507001;04.02.2024;1384;SZT;JUTRZENKA;1937,6;PLN
1507001G;04.02.2024;0;SZT;JUTRZENKA;0;PLN
1507002;04.02.2024;902;SZT;JUTRZENKA;1262,8;PLN
1507002G;04.02.2024;0;SZT;JUTRZENKA;0;PLN
1507003;04.02.2024;524;SZT;JUTRZENKA;733,6;PLN
1507003A;04.02.2024;0;SZT;JUTRZENKA;0;PLN
1507004;04.02.2024;455;SZT;JUTRZENKA;637;PLN
1507004A;04.02.2024;0;SZT;JUTRZENKA;0;PLN
1507005;04.02.2024;79;SZT;JUTRZENKA;162,74;PLN
1507005A;04.02.2024;0;SZT;JUTRZENKA;0;PLN
1507011;04.02.2024;0;SZT;JUTRZENKA;0;PLN
1507015;04.02.2024;0;SZT;JUTRZENKA;0;PLN
1507016;04.02.2024;0;SZT;JUTRZENKA;0;PLN
1507021;04.02.2024;0;SZT;JUTRZENKA;0;PLN
1507022;04.02.2024;0;SZT;JUTRZENKA;0;PLN
1507101;04.02.2024;0;SZT;JUTRZENKA;0;PLN
1507102;04.02.2024;0;SZT;JUTRZENKA;0;PLN
1507103;04.02.2024;0;SZT;JUTRZENKA;0;PLN
1507103A;04.02.2024;0;SZT;JUTRZENKA;0;PLN
1507108;04.02.2024;0;SZT;JUTRZENKA;0;PLN
1507130;04.02.2024;0;SZT;JUTRZENKA;0;PLN
1507131;04.02.2024;0;SZT;JUTRZENKA;0;PLN
1507135;04.02.2024;0;SZT;JUTRZENKA;0;PLN
1507139;04.02.2024;0;SZT;JUTRZENKA;0;PLN
1507143;04.02.2024;0;SZT;JUTRZENKA;0;PLN
1507143A;04.02.2024;0;SZT;JUTRZENKA;0;PLN
1507151;04.02.2024;0;SZT;JUTRZENKA;0;PLN
1507161;04.02.2024;0;SZT;JUTRZENKA;0;PLN
1507165;04.02.2024;0;SZT;JUTRZENKA;0;PLN
1507171;04.02.2024;0;SZT;JUTRZENKA;0;PLN
1507172;04.02.2024;0;SZT;JUTRZENKA;0;PLN
1507180;04.02.2024;0;SZT;JUTRZENKA;0;PLN
1507181;04.02.2024;0;SZT;JUTRZENKA;0;PLN
1507901;04.02.2024;0;SZT;JUTRZENKA;0;PLN
1507902;04.02.2024;0;SZT;JUTRZENKA;0;PLN
1507903;04.02.2024;0;SZT;JUTRZENKA;0;PLN
1507998;04.02.2024;0;SZT;JUTRZENKA;0;PLN
1507999;04.02.2024;0;SZT;JUTRZENKA;0;PLN
1599001;04.02.2024;0;SZT;JUTRZENKA;0;PLN
1599002;04.02.2024;0;SZT;JUTRZENKA;0;PLN
1599003;04.02.2024;0;SZT;JUTRZENKA;0;PLN
1599051;04.02.2024;0;SZT;JUTRZENKA;0;PLN
1599052;04.02.2024;0;SZT;JUTRZENKA;0;PLN
1599053;04.02.2024;0;SZT;JUTRZENKA;0;PLN
1599062;04.02.2024;0;SZT;JUTRZENKA;0;PLN
1599063;04.02.2024;0;SZT;JUTRZENKA;0;PLN
1599064;04.02.2024;0;SZT;JUTRZENKA;0;PLN
1599065;04.02.2024;0;SZT;JUTRZENKA;0;PLN
1599066;04.02.2024;0;SZT;JUTRZENKA;0;PLN
1599068;04.02.2024;0;SZT;JUTRZENKA;0;PLN
1599070;04.02.2024;0;SZT;JUTRZENKA;0;PLN
1599081;04.02.2024;0;SZT;JUTRZENKA;0;PLN
1599201;04.02.2024;0;SZT;JUTRZENKA;0;PLN
1599202;04.02.2024;0;SZT;JUTRZENKA;0;PLN
1599202A;04.02.2024;0;SZT;JUTRZENKA;0;PLN
1599203;04.02.2024;0;SZT;JUTRZENKA;0;PLN
1599204;04.02.2024;0;SZT;JUTRZENKA;0;PLN
1599205;04.02.2024;0;SZT;JUTRZENKA;0;PLN
1599300;04.02.2024;0;SZT;JUTRZENKA;0;PLN
1599301;04.02.2024;0;SZT;JUTRZENKA;0;PLN
1599302;04.02.2024;0;SZT;JUTRZENKA;0;PLN
1599303;04.02.2024;0;SZT;JUTRZENKA;0;PLN
1599303A;04.02.2024;0;SZT;JUTRZENKA;0;PLN
1599304;04.02.2024;0;SZT;JUTRZENKA;0;PLN
1599304A;04.02.2024;0;SZT;JUTRZENKA;0;PLN
1599304AA;04.02.2024;0;SZT;JUTRZENKA;0;PLN
1599305;04.02.2024;0;SZT;JUTRZENKA;0;PLN
1599351;04.02.2024;0;SZT;JUTRZENKA;0;PLN
1599355;04.02.2024;0;SZT;JUTRZENKA;0;PLN
1599355A;04.02.2024;0;SZT;JUTRZENKA;0;PLN
1599356;04.02.2024;0;SZT;JUTRZENKA;0;PLN
1599357;04.02.2024;0;SZT;JUTRZENKA;0;PLN
1599401;04.02.2024;0;KG;JUTRZENKA;0;PLN
1599402;04.02.2024;0;KG;JUTRZENKA;0;PLN
1599403;04.02.2024;0;KG;JUTRZENKA;0;PLN
1599701;04.02.2024;0;SZT;JUTRZENKA;0;PLN
1599702;04.02.2024;0;SZT;JUTRZENKA;0;PLN
1599703;04.02.2024;0;SZT;JUTRZENKA;0;PLN
1599719A;04.02.2024;0;SZT;JUTRZENKA;0;PLN
1599721;04.02.2024;0;SZT;JUTRZENKA;0;PLN
1599722;04.02.2024;0;SZT;JUTRZENKA;0;PLN
1599722A;04.02.2024;0;SZT;JUTRZENKA;0;PLN
1599723;04.02.2024;0;SZT;JUTRZENKA;0;PLN
1599723A;04.02.2024;0;SZT;JUTRZENKA;0;PLN
1599751;04.02.2024;0;SZT;JUTRZENKA;0;PLN
1599752;04.02.2024;0;SZT;JUTRZENKA;0;PLN
1599753;04.02.2024;0;SZT;JUTRZENKA;0;PLN
1599801;04.02.2024;0;SZT;JUTRZENKA;0;PLN
1599802;04.02.2024;0;SZT;JUTRZENKA;0;PLN
1599803;04.02.2024;0;SZT;JUTRZENKA;0;PLN
1599804;04.02.2024;0;SZT;JUTRZENKA;0;PLN
1599805;04.02.2024;0;SZT;JUTRZENKA;0;PLN
1599984;04.02.2024;0;SZT;JUTRZENKA;0;PLN
1599985;04.02.2024;0;SZT;JUTRZENKA;0;PLN
1599986;04.02.2024;0;SZT;JUTRZENKA;0;PLN
1599987;04.02.2024;0;SZT;JUTRZENKA;0;PLN
1599988;04.02.2024;0;SZT;JUTRZENKA;0;PLN
1599989;04.02.2024;0;SZT;JUTRZENKA;0;PLN
1599990;04.02.2024;0;SZT;JUTRZENKA;0;PLN
1599991;04.02.2024;0;SZT;JUTRZENKA;0;PLN
1599992;04.02.2024;0;SZT;JUTRZENKA;0;PLN
1599993;04.02.2024;0;SZT;JUTRZENKA;0;PLN
1599994;04.02.2024;0;SZT;JUTRZENKA;0;PLN
1599995;04.02.2024;0;SZT;JUTRZENKA;0;PLN
1599996;04.02.2024;0;SZT;JUTRZENKA;0;PLN
1599997;04.02.2024;0;SZT;JUTRZENKA;0;PLN
1599999;04.02.2024;0;SZT;JUTRZENKA;0;PLN
1601001;04.02.2024;0;SZT;JUTRZENKA;0;PLN
1601002;04.02.2024;0;SZT;JUTRZENKA;0;PLN
1601003;04.02.2024;0;SZT;JUTRZENKA;0;PLN
1601020;04.02.2024;0;SZT;JUTRZENKA;0;PLN
1601021;04.02.2024;0;SZT;JUTRZENKA;0;PLN
1601022A;04.02.2024;0;SZT;JUTRZENKA;0;PLN
1602001;04.02.2024;89;SZT;JUTRZENKA;651,48;PLN
1602001A;04.02.2024;0;SZT;JUTRZENKA;0;PLN
1602002;04.02.2024;89;SZT;JUTRZENKA;651,48;PLN
1602003;04.02.2024;86;SZT;JUTRZENKA;629,52;PLN
1602003A;04.02.2024;0;SZT;JUTRZENKA;0;PLN
1602004;04.02.2024;75;SZT;JUTRZENKA;549;PLN
1602004A;04.02.2024;0;SZT;JUTRZENKA;0;PLN
1602005;04.02.2024;0;SZT;JUTRZENKA;0;PLN
1602005A;04.02.2024;0;SZT;JUTRZENKA;0;PLN
1602006;04.02.2024;0;SZT;JUTRZENKA;0;PLN
1602007A;04.02.2024;0;SZT;JUTRZENKA;0;PLN
1602022;04.02.2024;0;SZT;JUTRZENKA;0;PLN
1604001;04.02.2024;0;KG;JUTRZENKA;0;PLN
1604002;04.02.2024;0;KG;JUTRZENKA;0;PLN
1604002A;04.02.2024;0;KG;JUTRZENKA;0;PLN
1604005;04.02.2024;0;KG;JUTRZENKA;0;PLN
1604998A;04.02.2024;0;KG;JUTRZENKA;0;PLN
1604999A;04.02.2024;0;KG;JUTRZENKA;0;PLN
1605001;04.02.2024;72,5;KG;JUTRZENKA;2211,25;PLN
1605901;04.02.2024;0;KG;JUTRZENKA;0;PLN
1606001;04.02.2024;0;SZT;JUTRZENKA;0;PLN
1606001G;04.02.2024;0;SZT;JUTRZENKA;0;PLN
1606002;04.02.2024;0;SZT;JUTRZENKA;0;PLN
1606003;04.02.2024;0;SZT;JUTRZENKA;0;PLN
1606004;04.02.2024;706;SZT;JUTRZENKA;628,34;PLN
1606004A;04.02.2024;0;SZT;JUTRZENKA;0;PLN
1606010;04.02.2024;0;SZT;JUTRZENKA;0;PLN
1606031;04.02.2024;4608;SZT;JUTRZENKA;2119,68;PLN
1606041;04.02.2024;0;SZT;JUTRZENKA;0;PLN
1606042;04.02.2024;0;SZT;JUTRZENKA;0;PLN
1606043;04.02.2024;0;SZT;JUTRZENKA;0;PLN
1606044;04.02.2024;0;SZT;JUTRZENKA;0;PLN
1606045;04.02.2024;0;SZT;JUTRZENKA;0;PLN
1606046;04.02.2024;0;SZT;JUTRZENKA;0;PLN
1606051;04.02.2024;0;SZT;JUTRZENKA;0;PLN
1606052;04.02.2024;80;SZT;JUTRZENKA;340;PLN
1606052A;04.02.2024;0;SZT;JUTRZENKA;0;PLN
1606101;04.02.2024;1055;SZT;JUTRZENKA;4642;PLN
1606101A;04.02.2024;0;SZT;JUTRZENKA;0;PLN
1606101AA;04.02.2024;0;SZT;JUTRZENKA;0;PLN
1606101AAA;04.02.2024;0;SZT;JUTRZENKA;0;PLN
1606102;04.02.2024;323;SZT;JUTRZENKA;1421,2;PLN
1606102A;04.02.2024;0;SZT;JUTRZENKA;0;PLN
1606103;04.02.2024;50;SZT;JUTRZENKA;220;PLN
1606103A;04.02.2024;0;SZT;JUTRZENKA;0;PLN
1606103AA;04.02.2024;0;SZT;JUTRZENKA;0;PLN
1606103AAA;04.02.2024;0;SZT;JUTRZENKA;0;PLN
1606105;04.02.2024;0;SZT;JUTRZENKA;0;PLN
1606105A;04.02.2024;0;SZT;JUTRZENKA;0;PLN
1606106;04.02.2024;473;SZT;JUTRZENKA;2081,2;PLN
1606106A;04.02.2024;0;SZT;JUTRZENKA;0;PLN
1606107;04.02.2024;326;SZT;JUTRZENKA;1434,4;PLN
1606107A;04.02.2024;0;SZT;JUTRZENKA;0;PLN
1606108;04.02.2024;0;SZT;JUTRZENKA;0;PLN
1606109;04.02.2024;987;SZT;JUTRZENKA;4342,8;PLN
1606119A;04.02.2024;0;SZT;JUTRZENKA;0;PLN
1606121;04.02.2024;309;SZT;JUTRZENKA;1359,6;PLN
1606122;04.02.2024;0;SZT;JUTRZENKA;0;PLN
1606122A;04.02.2024;0;SZT;JUTRZENKA;0;PLN
1606131;04.02.2024;0;SZT;JUTRZENKA;0;PLN
1606132;04.02.2024;0;SZT;JUTRZENKA;0;PLN
1606133;04.02.2024;0;SZT;JUTRZENKA;0;PLN
1606134;04.02.2024;0;SZT;JUTRZENKA;0;PLN
1606135;04.02.2024;0;SZT;JUTRZENKA;0;PLN
1606151;04.02.2024;0;SZT;JUTRZENKA;0;PLN
1606151A;04.02.2024;0;SZT;JUTRZENKA;0;PLN
1606152A;04.02.2024;0;SZT;JUTRZENKA;0;PLN
1606153A;04.02.2024;0;SZT;JUTRZENKA;0;PLN
1606154A;04.02.2024;0;SZT;JUTRZENKA;0;PLN
1606201;04.02.2024;0;SZT;JUTRZENKA;0;PLN
1606202;04.02.2024;0;SZT;JUTRZENKA;0;PLN
1606203;04.02.2024;0;SZT;JUTRZENKA;0;PLN
1606211;04.02.2024;0;SZT;JUTRZENKA;0;PLN
1606211A;04.02.2024;0;SZT;JUTRZENKA;0;PLN
1606212;04.02.2024;0;SZT;JUTRZENKA;0;PLN
1606212A;04.02.2024;0;SZT;JUTRZENKA;0;PLN
1606215;04.02.2024;0;SZT;JUTRZENKA;0;PLN
1606215A;04.02.2024;0;SZT;JUTRZENKA;0;PLN
1606221;04.02.2024;0;SZT;JUTRZENKA;0;PLN
1606222;04.02.2024;0;SZT;JUTRZENKA;0;PLN
1606222A;04.02.2024;0;SZT;JUTRZENKA;0;PLN
1606997;04.02.2024;0;SZT;JUTRZENKA;0;PLN
1606998;04.02.2024;0;SZT;JUTRZENKA;0;PLN
1606999;04.02.2024;0;SZT;JUTRZENKA;0;PLN
1607001;04.02.2024;540;SZT;JUTRZENKA;1517,4;PLN
1607005;04.02.2024;15;SZT;JUTRZENKA;82,2;PLN
1607006;04.02.2024;0;SZT;JUTRZENKA;0;PLN
1607011;04.02.2024;570;SZT;JUTRZENKA;2473,8;PLN
1607012;04.02.2024;0;SZT;JUTRZENKA;0;PLN
1607013;04.02.2024;19;SZT;JUTRZENKA;79,42;PLN
1607021;04.02.2024;235;SZT;JUTRZENKA;878,9;PLN
1607031;04.02.2024;55;SZT;JUTRZENKA;301,4;PLN
1607032;04.02.2024;36;SZT;JUTRZENKA;197,28;PLN
1607032A;04.02.2024;0;SZT;JUTRZENKA;0;PLN
1607033;04.02.2024;0;SZT;JUTRZENKA;0;PLN
1607051;04.02.2024;1;SZT;JUTRZENKA;5,43;PLN
1607101;04.02.2024;387;SZT;JUTRZENKA;1087,47;PLN
1607201;04.02.2024;0;SZT;JUTRZENKA;0;PLN
1607202;04.02.2024;0;SZT;JUTRZENKA;0;PLN
1607203;04.02.2024;0;SZT;JUTRZENKA;0;PLN
1607204;04.02.2024;0;SZT;JUTRZENKA;0;PLN
1607205;04.02.2024;20;SZT;JUTRZENKA;121;PLN
1607210;04.02.2024;1043;SZT;JUTRZENKA;6247,57;PLN
1607211;04.02.2024;0;SZT;JUTRZENKA;0;PLN
1608001;04.02.2024;91;SZT;JUTRZENKA;293,93;PLN
1608001A;04.02.2024;0;SZT;JUTRZENKA;0;PLN
1608002;04.02.2024;1937;SZT;JUTRZENKA;6256,51;PLN
1608002G;04.02.2024;0;SZT;JUTRZENKA;0;PLN
1608003;04.02.2024;673;SZT;JUTRZENKA;2173,79;PLN
1608003G;04.02.2024;0;SZT;JUTRZENKA;0;PLN
1608004;04.02.2024;404;SZT;JUTRZENKA;1304,92;PLN
1608005;04.02.2024;3317;SZT;JUTRZENKA;10713,91;PLN
1608005A;04.02.2024;0;SZT;JUTRZENKA;0;PLN
1608005G;04.02.2024;0;SZT;JUTRZENKA;0;PLN
1608006;04.02.2024;1204;SZT;JUTRZENKA;3888,92;PLN
1608006G;04.02.2024;0;SZT;JUTRZENKA;0;PLN
1608007B;04.02.2024;916;SZT;JUTRZENKA;2958,68;PLN
1608008;04.02.2024;0;SZT;JUTRZENKA;0;PLN
1608021;04.02.2024;0;SZT;JUTRZENKA;0;PLN
1608041;04.02.2024;1429;SZT;JUTRZENKA;4615,67;PLN
1608041A;04.02.2024;0;SZT;JUTRZENKA;0;PLN
1608042;04.02.2024;1424;SZT;JUTRZENKA;4599,52;PLN
1608042A;04.02.2024;0;SZT;JUTRZENKA;0;PLN
1608045;04.02.2024;0;SZT;JUTRZENKA;0;PLN
1608045A;04.02.2024;0;SZT;JUTRZENKA;0;PLN
1608046;04.02.2024;0;SZT;JUTRZENKA;0;PLN
1608047;04.02.2024;0;SZT;JUTRZENKA;0;PLN
1608048;04.02.2024;0;SZT;JUTRZENKA;0;PLN
1608052;04.02.2024;0;SZT;JUTRZENKA;0;PLN
1608054;04.02.2024;0;SZT;JUTRZENKA;0;PLN
1608055;04.02.2024;0;SZT;JUTRZENKA;0;PLN
1608056;04.02.2024;0;SZT;JUTRZENKA;0;PLN
1608057;04.02.2024;0;SZT;JUTRZENKA;0;PLN
1608061A;04.02.2024;0;SZT;JUTRZENKA;0;PLN
1608101;04.02.2024;0;SZT;JUTRZENKA;0;PLN
1608101A;04.02.2024;0;SZT;JUTRZENKA;0;PLN
1608101B;04.02.2024;0;SZT;JUTRZENKA;0;PLN
1608121;04.02.2024;0;SZT;JUTRZENKA;0;PLN
1608121A;04.02.2024;0;SZT;JUTRZENKA;0;PLN
1608502;04.02.2024;0;KG;JUTRZENKA;0;PLN
1608503;04.02.2024;0;KG;JUTRZENKA;0;PLN
1608503A;04.02.2024;0;KG;JUTRZENKA;0;PLN
1608504;04.02.2024;0;KG;JUTRZENKA;0;PLN
1608504A;04.02.2024;0;KG;JUTRZENKA;0;PLN
1608505;04.02.2024;0;KG;JUTRZENKA;0;PLN
1608505A;04.02.2024;0;KG;JUTRZENKA;0;PLN
1608506;04.02.2024;0;KG;JUTRZENKA;0;PLN
1608506A;04.02.2024;0;KG;JUTRZENKA;0;PLN
1608507;04.02.2024;0;KG;JUTRZENKA;0;PLN
1608507A;04.02.2024;0;KG;JUTRZENKA;0;PLN
1608551;04.02.2024;0;KG;JUTRZENKA;0;PLN
1608998;04.02.2024;0;SZT;JUTRZENKA;0;PLN
1608999;04.02.2024;0;SZT;JUTRZENKA;0;PLN
1609011;04.02.2024;0;SZT;JUTRZENKA;0;PLN
1609011B;04.02.2024;535;SZT;JUTRZENKA;1701,3;PLN
1609012;04.02.2024;0;SZT;JUTRZENKA;0;PLN
1609013;04.02.2024;0;SZT;JUTRZENKA;0;PLN
1609014;04.02.2024;0;SZT;JUTRZENKA;0;PLN
1609021;04.02.2024;148;SZT;JUTRZENKA;470,64;PLN
1609022;04.02.2024;99;SZT;JUTRZENKA;314,82;PLN
1609023;04.02.2024;0;SZT;JUTRZENKA;0;PLN
1609024;04.02.2024;155;SZT;JUTRZENKA;492,9;PLN
1609025;04.02.2024;130;SZT;JUTRZENKA;413,4;PLN
1609026;04.02.2024;105;SZT;JUTRZENKA;333,9;PLN
1609031;04.02.2024;0;SZT;JUTRZENKA;0;PLN
1609051;04.02.2024;0;SZT;JUTRZENKA;0;PLN
1609051A;04.02.2024;0;SZT;JUTRZENKA;0;PLN
1609052;04.02.2024;0;SZT;JUTRZENKA;0;PLN
1609052A;04.02.2024;0;SZT;JUTRZENKA;0;PLN
1609053;04.02.2024;0;SZT;JUTRZENKA;0;PLN
1609054;04.02.2024;0;SZT;JUTRZENKA;0;PLN
1609054A;04.02.2024;0;SZT;JUTRZENKA;0;PLN
1609055;04.02.2024;0;SZT;JUTRZENKA;0;PLN
1609055A;04.02.2024;0;SZT;JUTRZENKA;0;PLN
1609056;04.02.2024;0;SZT;JUTRZENKA;0;PLN
1609056A;04.02.2024;0;SZT;JUTRZENKA;0;PLN
1609057;04.02.2024;0;SZT;JUTRZENKA;0;PLN
1609058;04.02.2024;0;SZT;JUTRZENKA;0;PLN
1609059;04.02.2024;0;SZT;JUTRZENKA;0;PLN
1609101;04.02.2024;0;SZT;JUTRZENKA;0;PLN
1609998;04.02.2024;0;SZT;JUTRZENKA;0;PLN
1609999;04.02.2024;0;SZT;JUTRZENKA;0;PLN
1610001A;04.02.2024;0;SZT;JUTRZENKA;0;PLN
1699201;04.02.2024;0;SZT;JUTRZENKA;0;PLN
1699201A;04.02.2024;0;SZT;JUTRZENKA;0;PLN
1699201AA;04.02.2024;0;SZT;JUTRZENKA;0;PLN
1699600;04.02.2024;0;SZT;JUTRZENKA;0;PLN
1699601;04.02.2024;0;SZT;JUTRZENKA;0;PLN
1699603;04.02.2024;0;SZT;JUTRZENKA;0;PLN
1699604A;04.02.2024;0;KG;JUTRZENKA;0;PLN
1699604AA;04.02.2024;0;KG;JUTRZENKA;0;PLN
1699605;04.02.2024;0;SZT;JUTRZENKA;0;PLN
1699605A;04.02.2024;0;SZT;JUTRZENKA;0;PLN
1699606A;04.02.2024;0;SZT;JUTRZENKA;0;PLN
1699607A;04.02.2024;0;SZT;JUTRZENKA;0;PLN
1699610;04.02.2024;0;SZT;JUTRZENKA;0;PLN
1699805;04.02.2024;0;SZT;JUTRZENKA;0;PLN
1699901;04.02.2024;0;SZT;JUTRZENKA;0;PLN
1699901A;04.02.2024;0;SZT;JUTRZENKA;0;PLN
1699991;04.02.2024;0;SZT;GOPLANA;0;PLN
1699992;04.02.2024;0;SZT;GOPLANA;0;PLN
1699993;04.02.2024;0;SZT;GOPLANA;0;PLN
1699994;04.02.2024;0;SZT;GOPLANA;0;PLN
1701001;04.02.2024;0;SZT;JUTRZENKA;0;PLN
1701005;04.02.2024;0;SZT;JUTRZENKA;0;PLN
1708001;04.02.2024;864;SZT;JUTRZENKA;907,2;PLN
1708002;04.02.2024;0;SZT;JUTRZENKA;0;PLN
1708003;04.02.2024;0;SZT;JUTRZENKA;0;PLN
1708006;04.02.2024;0;SZT;JUTRZENKA;0;PLN
1708006A;04.02.2024;0;SZT;JUTRZENKA;0;PLN
1708021;04.02.2024;0;SZT;JUTRZENKA;0;PLN
1708022;04.02.2024;192;SZT;JUTRZENKA;343,68;PLN
1708101;04.02.2024;216;SZT;JUTRZENKA;185,76;PLN
1708151;04.02.2024;0;SZT;KALISZANKA;0;PLN
1708159;04.02.2024;0;SZT;JUTRZENKA;0;PLN
1708160;04.02.2024;0;SZT;KALISZANKA;0;PLN
1708161;04.02.2024;0;SZT;KALISZANKA;0;PLN
1708201;04.02.2024;4704;SZT;JUTRZENKA;5832,96;PLN
1708202;04.02.2024;3936;SZT;JUTRZENKA;4880,64;PLN
1708204;04.02.2024;0;SZT;JUTRZENKA;0;PLN
1708205;04.02.2024;0;SZT;JUTRZENKA;0;PLN
1708301;04.02.2024;4896;SZT;JUTRZENKA;5189,76;PLN
1708331;04.02.2024;0;SZT;JUTRZENKA;0;PLN
1708335;04.02.2024;0;SZT;JUTRZENKA;0;PLN
1708335A;04.02.2024;0;SZT;JUTRZENKA;0;PLN
1708336;04.02.2024;0;SZT;JUTRZENKA;0;PLN
1708337;04.02.2024;0;SZT;JUTRZENKA;0;PLN
1708338;04.02.2024;0;SZT;JUTRZENKA;0;PLN
1708339;04.02.2024;0;SZT;JUTRZENKA;0;PLN
1708501;04.02.2024;60,8;KG;JUTRZENKA;1665,31;PLN
1708501A;04.02.2024;0;KG;JUTRZENKA;0;PLN
1708983;04.02.2024;0;SZT;JUTRZENKA;0;PLN
1708984;04.02.2024;0;SZT;JUTRZENKA;0;PLN
1708985;04.02.2024;0;SZT;JUTRZENKA;0;PLN
1708986;04.02.2024;0;SZT;JUTRZENKA;0;PLN
1708987;04.02.2024;0;SZT;JUTRZENKA;0;PLN
1708988;04.02.2024;0;SZT;JUTRZENKA;0;PLN
1708990;04.02.2024;0;SZT;JUTRZENKA;0;PLN
1708991;04.02.2024;0;SZT;JUTRZENKA;0;PLN
1708995;04.02.2024;0;SZT;KALISZANKA;0;PLN
1799801;04.02.2024;0;SZT;KALISZANKA;0;PLN
1840055;04.02.2024;0;SZT;HELIO;0;PLN
2201010;04.02.2024;0;SZT;VOBRO;0;PLN
2201011;04.02.2024;0;SZT;VOBRO;0;PLN
2201021;04.02.2024;0;SZT;VOBRO;0;PLN
2201022;04.02.2024;0;SZT;VOBRO;0;PLN
2201023;04.02.2024;0;SZT;VOBRO;0;PLN
2201023A;04.02.2024;0;SZT;VOBRO;0;PLN
2201024;04.02.2024;0;SZT;VOBRO;0;PLN
2201025;04.02.2024;0;SZT;VOBRO;0;PLN
2201026;04.02.2024;0;SZT;VOBRO;0;PLN
2201031;04.02.2024;0;SZT;VOBRO;0;PLN
2201032;04.02.2024;0;SZT;VOBRO;0;PLN
2201033;04.02.2024;0;SZT;VOBRO;0;PLN
2202001;04.02.2024;0;SZT;VOBRO;0;PLN
2202002;04.02.2024;0;SZT;VOBRO;0;PLN
2202003;04.02.2024;0;SZT;VOBRO;0;PLN
2202004;04.02.2024;0;SZT;VOBRO;0;PLN
2202004A;04.02.2024;0;SZT;VOBRO;0;PLN
2202005;04.02.2024;0;SZT;VOBRO;0;PLN
2202005B;04.02.2024;0;SZT;VOBRO;0;PLN
2202005BB;04.02.2024;0;SZT;VOBRO;0;PLN
2202006;04.02.2024;0;SZT;VOBRO;0;PLN
2202007;04.02.2024;0;SZT;VOBRO;0;PLN
2202008;04.02.2024;0;SZT;VOBRO;0;PLN
2202009;04.02.2024;0;SZT;VOBRO;0;PLN
2202010;04.02.2024;0;SZT;VOBRO;0;PLN
2202011;04.02.2024;0;SZT;VOBRO;0;PLN
2202012;04.02.2024;0;SZT;VOBRO;0;PLN
2202012A;04.02.2024;0;SZT;VOBRO;0;PLN
2202013;04.02.2024;0;SZT;VOBRO;0;PLN
2202015;04.02.2024;0;SZT;VOBRO;0;PLN
2202017;04.02.2024;0;SZT;VOBRO;0;PLN
2202020;04.02.2024;0;SZT;VOBRO;0;PLN
2202021;04.02.2024;0;SZT;VOBRO;0;PLN
2202023;04.02.2024;0;SZT;VOBRO;0;PLN
2202025;04.02.2024;0;SZT;VOBRO;0;PLN
2202030;04.02.2024;0;SZT;VOBRO;0;PLN
2202031;04.02.2024;0;SZT;VOBRO;0;PLN
2202032;04.02.2024;0;SZT;VOBRO;0;PLN
2202034;04.02.2024;0;SZT;VOBRO;0;PLN
2202035;04.02.2024;0;SZT;VOBRO;0;PLN
2202036;04.02.2024;0;SZT;VOBRO;0;PLN
2202036B;04.02.2024;0;SZT;VOBRO;0;PLN
2202037;04.02.2024;0;SZT;VOBRO;0;PLN
2202038;04.02.2024;0;SZT;VOBRO;0;PLN
2202039;04.02.2024;0;SZT;VOBRO;0;PLN
2202040;04.02.2024;0;SZT;VOBRO;0;PLN
2202041;04.02.2024;0;SZT;VOBRO;0;PLN
2202045;04.02.2024;0;SZT;VOBRO;0;PLN
2202051;04.02.2024;0;SZT;VOBRO;0;PLN
2202061;04.02.2024;0;SZT;VOBRO;0;PLN
2202062;04.02.2024;0;SZT;VOBRO;0;PLN
2202063;04.02.2024;0;SZT;VOBRO;0;PLN
2202101;04.02.2024;0;SZT;VOBRO;0;PLN
2202104;04.02.2024;0;SZT;VOBRO;0;PLN
2202105;04.02.2024;0;SZT;VOBRO;0;PLN
2202106;04.02.2024;0;SZT;VOBRO;0;PLN
2202107;04.02.2024;0;SZT;VOBRO;0;PLN
2202108;04.02.2024;0;SZT;VOBRO;0;PLN
2202109;04.02.2024;0;SZT;VOBRO;0;PLN
2202110;04.02.2024;0;SZT;VOBRO;0;PLN
2202111;04.02.2024;0;SZT;VOBRO;0;PLN
2202112;04.02.2024;0;SZT;VOBRO;0;PLN
2202115;04.02.2024;0;SZT;VOBRO;0;PLN
2202116;04.02.2024;0;SZT;VOBRO;0;PLN
2202117;04.02.2024;0;SZT;VOBRO;0;PLN
2202118;04.02.2024;0;SZT;VOBRO;0;PLN
2202120;04.02.2024;0;SZT;VOBRO;0;PLN
2202121;04.02.2024;0;SZT;VOBRO;0;PLN
2202130;04.02.2024;0;SZT;VOBRO;0;PLN
2202151;04.02.2024;0;SZT;VOBRO;0;PLN
2202152;04.02.2024;0;SZT;VOBRO;0;PLN
2202200;04.02.2024;0;SZT;VOBRO;0;PLN
2202201;04.02.2024;0;SZT;VOBRO;0;PLN
2202205;04.02.2024;0;SZT;VOBRO;0;PLN
2202206;04.02.2024;0;SZT;VOBRO;0;PLN
2202207;04.02.2024;0;SZT;VOBRO;0;PLN
2202220;04.02.2024;0;SZT;VOBRO;0;PLN
2202221;04.02.2024;0;SZT;VOBRO;0;PLN
2202247;04.02.2024;0;SZT;VOBRO;0;PLN
2202248;04.02.2024;0;SZT;VOBRO;0;PLN
2202248B;04.02.2024;0;SZT;VOBRO;0;PLN
2202249;04.02.2024;0;SZT;VOBRO;0;PLN
2202250;04.02.2024;0;SZT;VOBRO;0;PLN
2202251;04.02.2024;0;SZT;VOBRO;0;PLN
2202252;04.02.2024;0;SZT;VOBRO;0;PLN
2202253;04.02.2024;0;SZT;VOBRO;0;PLN
2202255;04.02.2024;0;SZT;VOBRO;0;PLN
2202261;04.02.2024;0;SZT;VOBRO;0;PLN
2202261B;04.02.2024;0;SZT;VOBRO;0;PLN
2202262;04.02.2024;0;SZT;VOBRO;0;PLN
2202701;04.02.2024;0;SZT;VOBRO;0;PLN
2202702;04.02.2024;0;SZT;VOBRO;0;PLN
2202703;04.02.2024;0;SZT;VOBRO;0;PLN
2202704;04.02.2024;0;SZT;VOBRO;0;PLN
2202705;04.02.2024;0;SZT;VOBRO;0;PLN
2202706;04.02.2024;0;SZT;VOBRO;0;PLN
2202707;04.02.2024;0;SZT;VOBRO;0;PLN
2202708;04.02.2024;0;SZT;VOBRO;0;PLN
2202997;04.02.2024;0;SZT;VOBRO;0;PLN
2202998;04.02.2024;0;SZT;VOBRO;0;PLN
2202999;04.02.2024;0;SZT;VOBRO;0;PLN
2204000;04.02.2024;0;KG;VOBRO;0;PLN
2204001;04.02.2024;96;KG;VOBRO;1833,6;PLN
2204001A;04.02.2024;0;KG;VOBRO;0;PLN
2204003;04.02.2024;0;KG;VOBRO;0;PLN
2204004;04.02.2024;96;KG;VOBRO;1497,6;PLN
2204004C;04.02.2024;0;KG;VOBRO;0;PLN
2204005;04.02.2024;0;KG;VOBRO;0;PLN
2204006;04.02.2024;900;KG;VOBRO;14220;PLN
2204007;04.02.2024;0;KG;VOBRO;0;PLN
2204007B;04.02.2024;0;KG;VOBRO;0;PLN
2204008;04.02.2024;0;KG;VOBRO;0;PLN
2204010;04.02.2024;0;KG;VOBRO;0;PLN
2204011;04.02.2024;0;KG;VOBRO;0;PLN
2204012;04.02.2024;0;KG;VOBRO;0;PLN
2204013;04.02.2024;0;KG;VOBRO;0;PLN
2204015;04.02.2024;0;KG;VOBRO;0;PLN
2204016;04.02.2024;0;KG;VOBRO;0;PLN
2204017;04.02.2024;24;KG;VOBRO;458,4;PLN
2204018;04.02.2024;0;KG;VOBRO;0;PLN
2204019;04.02.2024;51;KG;VOBRO;974,1;PLN
2204020;04.02.2024;6;KG;VOBRO;114,6;PLN
2204021;04.02.2024;0;KG;VOBRO;0;PLN
2204022;04.02.2024;0;KG;VOBRO;0;PLN
2204023;04.02.2024;36;KG;VOBRO;687,6;PLN
2204024;04.02.2024;0;KG;VOBRO;0;PLN
2204025;04.02.2024;0;KG;VOBRO;0;PLN
2204025A;04.02.2024;0;KG;VOBRO;0;PLN
2204025B;04.02.2024;0;KG;VOBRO;0;PLN
2204026;04.02.2024;0;KG;VOBRO;0;PLN
2204027;04.02.2024;0;KG;VOBRO;0;PLN
2204028;04.02.2024;0;KG;VOBRO;0;PLN
2204029;04.02.2024;0;KG;VOBRO;0;PLN
2204030;04.02.2024;72;KG;VOBRO;1375,2;PLN
2204031;04.02.2024;0;KG;VOBRO;0;PLN
2204031A;04.02.2024;0;KG;VOBRO;0;PLN
2204032;04.02.2024;0;KG;VOBRO;0;PLN
2204033;04.02.2024;0;KG;VOBRO;0;PLN
2204034;04.02.2024;0;KG;VOBRO;0;PLN
2204040;04.02.2024;30;KG;VOBRO;573;PLN
2204041;04.02.2024;0;KG;VOBRO;0;PLN
2204042;04.02.2024;0;KG;VOBRO;0;PLN
2204043;04.02.2024;0;KG;VOBRO;0;PLN
2204045;04.02.2024;0;KG;VOBRO;0;PLN
2204046;04.02.2024;42;KG;VOBRO;802,2;PLN
2204047;04.02.2024;0;KG;VOBRO;0;PLN
2204047B;04.02.2024;0;KG;VOBRO;0;PLN
2204048;04.02.2024;0;KG;VOBRO;0;PLN
2204049;04.02.2024;0;KG;VOBRO;0;PLN
2204050;04.02.2024;0;KG;VOBRO;0;PLN
2204050B;04.02.2024;21;KG;VOBRO;401,1;PLN
2204051;04.02.2024;39;KG;VOBRO;1033,5;PLN
2204055;04.02.2024;0;KG;VOBRO;0;PLN
2204056;04.02.2024;0;KG;VOBRO;0;PLN
2204057;04.02.2024;80;KG;VOBRO;2004,8;PLN
2204061;04.02.2024;0;KG;VOBRO;0;PLN
2204062;04.02.2024;0;KG;VOBRO;0;PLN
2204081;04.02.2024;0;KG;VOBRO;0;PLN
2204082;04.02.2024;0;KG;VOBRO;0;PLN
2204100;04.02.2024;0;KG;VOBRO;0;PLN
2204101;04.02.2024;0;KG;VOBRO;0;PLN
2204102;04.02.2024;0;KG;VOBRO;0;PLN
2204150;04.02.2024;0;KG;VOBRO;0;PLN
2204501;04.02.2024;0;KG;VOBRO;0;PLN
2204502;04.02.2024;0;KG;VOBRO;0;PLN
2204503;04.02.2024;0;KG;VOBRO;0;PLN
2204504;04.02.2024;0;KG;VOBRO;0;PLN
2204506;04.02.2024;0;KG;VOBRO;0;PLN
2204996;04.02.2024;0;KG;VOBRO;0;PLN
2204997;04.02.2024;0;KG;VOBRO;0;PLN
2204998;04.02.2024;0;KG;VOBRO;0;PLN
2204999;04.02.2024;0;KG;VOBRO;0;PLN
2205001;04.02.2024;0;KG;VOBRO;0;PLN
2205002;04.02.2024;0;KG;VOBRO;0;PLN
2205003;04.02.2024;0;KG;VOBRO;0;PLN
2205004;04.02.2024;0;KG;VOBRO;0;PLN
2205005;04.02.2024;0;KG;VOBRO;0;PLN
2205006;04.02.2024;0;KG;VOBRO;0;PLN
2205021;04.02.2024;0;KG;VOBRO;0;PLN
2205022;04.02.2024;0;KG;VOBRO;0;PLN
2206101;04.02.2024;0;SZT;VOBRO;0;PLN
2206120;04.02.2024;0;SZT;VOBRO;0;PLN
2206121;04.02.2024;0;SZT;VOBRO;0;PLN
2206122;04.02.2024;0;SZT;VOBRO;0;PLN
2206123;04.02.2024;0;SZT;VOBRO;0;PLN
2206131;04.02.2024;0;SZT;VOBRO;0;PLN
2206132;04.02.2024;0;SZT;VOBRO;0;PLN
2206150;04.02.2024;0;SZT;VOBRO;0;PLN
2207001;04.02.2024;0;SZT;VOBRO;0;PLN
2207002;04.02.2024;0;SZT;VOBRO;0;PLN
2207003;04.02.2024;0;SZT;VOBRO;0;PLN
2208001;04.02.2024;0;KG;VOBRO;0;PLN
2208011;04.02.2024;0;KG;VOBRO;0;PLN
2208012;04.02.2024;0;KG;VOBRO;0;PLN
2299100;04.02.2024;0;SZT;VOBRO;0;PLN
2299101;04.02.2024;0;SZT;VOBRO;0;PLN
2299201;04.02.2024;0;SZT;VOBRO;0;PLN
2299202;04.02.2024;0;SZT;VOBRO;0;PLN
2299203;04.02.2024;0;SZT;VOBRO;0;PLN
2299401;04.02.2024;20;KG;VOBRO;510;PLN
2299402;04.02.2024;0;KG;VOBRO;0;PLN
2299403;04.02.2024;0;KG;VOBRO;0;PLN
2299404;04.02.2024;0;KG;VOBRO;0;PLN
2299405;04.02.2024;0;KG;VOBRO;0;PLN
2299451;04.02.2024;0;KG;VOBRO;0;PLN
2299452;04.02.2024;0;KG;VOBRO;0;PLN
2299601;04.02.2024;0;SZT;VOBRO;0;PLN
2299602;04.02.2024;0;SZT;VOBRO;0;PLN
2299603;04.02.2024;0;SZT;VOBRO;0;PLN
2299700;04.02.2024;0;SZT;VOBRO;0;PLN
2299701;04.02.2024;0;SZT;VOBRO;0;PLN
2299702;04.02.2024;0;SZT;VOBRO;0;PLN
2299703;04.02.2024;0;SZT;VOBRO;0;PLN
2299704;04.02.2024;0;SZT;VOBRO;0;PLN
2299705;04.02.2024;0;SZT;VOBRO;0;PLN
2299706;04.02.2024;0;SZT;VOBRO;0;PLN
2299707;04.02.2024;0;SZT;VOBRO;0;PLN
2299708;04.02.2024;0;SZT;VOBRO;0;PLN
2299708A;04.02.2024;0;SZT;VOBRO;0;PLN
2299709;04.02.2024;0;SZT;VOBRO;0;PLN
2299710;04.02.2024;0;SZT;VOBRO;0;PLN
2299711;04.02.2024;0;SZT;VOBRO;0;PLN
2299712;04.02.2024;0;SZT;VOBRO;0;PLN
2299713;04.02.2024;0;SZT;VOBRO;0;PLN
2299714;04.02.2024;0;SZT;VOBRO;0;PLN
2299715;04.02.2024;0;SZT;VOBRO;0;PLN
2299716;04.02.2024;0;SZT;VOBRO;0;PLN
2299717;04.02.2024;0;SZT;VOBRO;0;PLN
2299718;04.02.2024;0;SZT;VOBRO;0;PLN
2299719;04.02.2024;0;SZT;VOBRO;0;PLN
2299720;04.02.2024;0;SZT;VOBRO;0;PLN
2299721;04.02.2024;0;SZT;VOBRO;0;PLN
2299722;04.02.2024;0;SZT;VOBRO;0;PLN
2299723;04.02.2024;0;SZT;VOBRO;0;PLN
2299724;04.02.2024;0;SZT;VOBRO;0;PLN
2299725;04.02.2024;0;SZT;VOBRO;0;PLN
2299726;04.02.2024;0;SZT;VOBRO;0;PLN
2299727;04.02.2024;0;SZT;VOBRO;0;PLN
2299728;04.02.2024;0;SZT;VOBRO;0;PLN
2299731;04.02.2024;0;SZT;VOBRO;0;PLN
2299732;04.02.2024;0;SZT;VOBRO;0;PLN
2299733;04.02.2024;0;SZT;VOBRO;0;PLN
2299734;04.02.2024;0;SZT;VOBRO;0;PLN
2299735;04.02.2024;0;SZT;VOBRO;0;PLN
2299736;04.02.2024;0;SZT;VOBRO;0;PLN
2299741;04.02.2024;0;SZT;VOBRO;0;PLN
2299742;04.02.2024;0;SZT;VOBRO;0;PLN
2299901;04.02.2024;0;KG;VOBRO;0;PLN
2299999;04.02.2024;0;SZT;VOBRO;0;PLN
4001001;04.02.2024;720;SZT;STORCK;1677,6;PLN
4001002;04.02.2024;0;SZT;STORCK;0;PLN
4001003;04.02.2024;0;SZT;STORCK;0;PLN
4001004;04.02.2024;0;SZT;STORCK;0;PLN
4001009;04.02.2024;0;SZT;STORCK;0;PLN
4001010;04.02.2024;0;SZT;STORCK;0;PLN
4001011;04.02.2024;0;SZT;STORCK;0;PLN
4001021;04.02.2024;0;SZT;STORCK;0;PLN
4002001;04.02.2024;0;SZT;STORCK;0;PLN
4002001B;04.02.2024;1359;SZT;STORCK;9377,1;PLN
4002002;04.02.2024;0;SZT;STORCK;0;PLN
4002003;04.02.2024;0;SZT;STORCK;0;PLN
4002005;04.02.2024;0;SZT;STORCK;0;PLN
4002006;04.02.2024;0;SZT;STORCK;0;PLN
4002007;04.02.2024;0;SZT;STORCK;0;PLN
4002021;04.02.2024;461;SZT;STORCK;6546,2;PLN
4002031;04.02.2024;0;SZT;STORCK;0;PLN
4002041;04.02.2024;0;SZT;STORCK;0;PLN
4002042;04.02.2024;0;SZT;STORCK;0;PLN
4002043;04.02.2024;3;SZT;STORCK;15,12;PLN
4002051;04.02.2024;78;SZT;STORCK;2746,38;PLN
4002901;04.02.2024;0;SZT;STORCK;0;PLN
4002902;04.02.2024;0;SZT;STORCK;0;PLN
4002921;04.02.2024;0;SZT;STORCK;0;PLN
4002931;04.02.2024;0;SZT;STORCK;0;PLN
4002932;04.02.2024;0;SZT;STORCK;0;PLN
4002933;04.02.2024;0;SZT;STORCK;0;PLN
4002934;04.02.2024;0;SZT;STORCK;0;PLN
4002935;04.02.2024;0;SZT;STORCK;0;PLN
4002951;04.02.2024;0;SZT;STORCK;0;PLN
4002952;04.02.2024;0;SZT;STORCK;0;PLN
4002953;04.02.2024;0;SZT;STORCK;0;PLN
4002955;04.02.2024;0;SZT;STORCK;0;PLN
4002960;04.02.2024;0;SZT;STORCK;0;PLN
4002981;04.02.2024;0;SZT;STORCK;0;PLN
4002996;04.02.2024;0;SZT;STORCK;0;PLN
4002997;04.02.2024;0;SZT;STORCK;0;PLN
4002998;04.02.2024;0;SZT;STORCK;0;PLN
4002999;04.02.2024;0;SZT;STORCK;0;PLN
4003001;04.02.2024;0;SZT;STORCK;0;PLN
4003002;04.02.2024;0;SZT;STORCK;0;PLN
4003003;04.02.2024;0;SZT;STORCK;0;PLN
4003004;04.02.2024;0;SZT;STORCK;0;PLN
4003005;04.02.2024;0;SZT;STORCK;0;PLN
4003006;04.02.2024;0;SZT;STORCK;0;PLN
4003007;04.02.2024;0;SZT;STORCK;0;PLN
4003999;04.02.2024;0;SZT;STORCK;0;PLN
4007001;04.02.2024;431;SZT;STORCK;1486,95;PLN
4007011;04.02.2024;0;SZT;STORCK;0;PLN
4007012;04.02.2024;0;SZT;STORCK;0;PLN
4007013;04.02.2024;0;SZT;STORCK;0;PLN
4007013A;04.02.2024;0;SZT;STORCK;0;PLN
4007014;04.02.2024;0;SZT;STORCK;0;PLN
4007015;04.02.2024;0;SZT;STORCK;0;PLN
4007021;04.02.2024;233;SZT;STORCK;673,37;PLN
4007022;04.02.2024;0;SZT;STORCK;0;PLN
4007031;04.02.2024;0;SZT;STORCK;0;PLN
4007032;04.02.2024;0;SZT;STORCK;0;PLN
4007035;04.02.2024;90;SZT;STORCK;346,5;PLN
4007036;04.02.2024;0;SZT;STORCK;0;PLN
4007037;04.02.2024;0;SZT;STORCK;0;PLN
4007038;04.02.2024;0;SZT;STORCK;0;PLN
4007051;04.02.2024;54;SZT;STORCK;165,78;PLN
4007061;04.02.2024;0;SZT;STORCK;0;PLN
4007071;04.02.2024;0;SZT;STORCK;0;PLN
4007501;04.02.2024;499;SZT;STORCK;1042,91;PLN
4007505;04.02.2024;0;SZT;STORCK;0;PLN
4007511;04.02.2024;144;SZT;STORCK;279,36;PLN
4007521;04.02.2024;24;SZT;STORCK;44,16;PLN
4008001;04.02.2024;1637;SZT;STORCK;2291,8;PLN
4008001A;04.02.2024;0;SZT;STORCK;0;PLN
4008002;04.02.2024;0;SZT;STORCK;0;PLN
4008003;04.02.2024;0;SZT;STORCK;0;PLN
4008004;04.02.2024;0;SZT;STORCK;0;PLN
4008005;04.02.2024;0;SZT;STORCK;0;PLN
4008012;04.02.2024;0;SZT;STORCK;0;PLN
4008013;04.02.2024;0;SZT;STORCK;0;PLN
4008999;04.02.2024;0;SZT;STORCK;0;PLN
4009001;04.02.2024;2310;SZT;STORCK;6190,8;PLN
4009011;04.02.2024;0;SZT;STORCK;0;PLN
4009021;04.02.2024;0;SZT;STORCK;0;PLN
4009031;04.02.2024;0;SZT;STORCK;0;PLN
4009032;04.02.2024;0;SZT;STORCK;0;PLN
4009051;04.02.2024;0;SZT;STORCK;0;PLN
4009061;04.02.2024;0;SZT;STORCK;0;PLN
4009062;04.02.2024;0;SZT;STORCK;0;PLN
4009098;04.02.2024;0;SZT;STORCK;0;PLN
4009099;04.02.2024;0;SZT;STORCK;0;PLN
4009101;04.02.2024;0;SZT;STORCK;0;PLN
4009111;04.02.2024;0;SZT;STORCK;0;PLN
4009121;04.02.2024;0;SZT;STORCK;0;PLN
4009122;04.02.2024;0;SZT;STORCK;0;PLN
4009201;04.02.2024;0;SZT;STORCK;0;PLN
4009202;04.02.2024;0;SZT;STORCK;0;PLN
4009203;04.02.2024;0;SZT;STORCK;0;PLN
4009204;04.02.2024;45;SZT;STORCK;166,95;PLN
4009204B;04.02.2024;0;SZT;STORCK;0;PLN
4009205;04.02.2024;0;SZT;STORCK;0;PLN
4009206;04.02.2024;225;SZT;STORCK;834,75;PLN
4009207;04.02.2024;0;SZT;STORCK;0;PLN
4009208;04.02.2024;240;SZT;STORCK;890,4;PLN
4009220;04.02.2024;78;SZT;STORCK;289,38;PLN
4009231;04.02.2024;0;SZT;STORCK;0;PLN
4009232;04.02.2024;0;SZT;STORCK;0;PLN
4009250;04.02.2024;0;SZT;STORCK;0;PLN
4009251;04.02.2024;0;DISP;STORCK;0;PLN
4009252;04.02.2024;0;SZT;STORCK;0;PLN
4009989;04.02.2024;0;SZT;STORCK;0;PLN
4009990;04.02.2024;0;SZT;STORCK;0;PLN
4009991;04.02.2024;0;SZT;STORCK;0;PLN
4009992;04.02.2024;0;SZT;STORCK;0;PLN
4009993;04.02.2024;0;SZT;STORCK;0;PLN
4009994;04.02.2024;0;SZT;STORCK;0;PLN
4009995;04.02.2024;0;SZT;STORCK;0;PLN
4009996;04.02.2024;0;SZT;STORCK;0;PLN
4009997;04.02.2024;0;SZT;STORCK;0;PLN
4009998;04.02.2024;0;SZT;STORCK;0;PLN
4009999;04.02.2024;0;SZT;STORCK;0;PLN
4010001;04.02.2024;914;SZT;STORCK;4707,1;PLN
4010010;04.02.2024;1360;SZT;STORCK;911,2;PLN
4011001;04.02.2024;0;SZT;STORCK;0;PLN
4011002;04.02.2024;0;SZT;STORCK;0;PLN
4011003;04.02.2024;0;SZT;STORCK;0;PLN
4011004;04.02.2024;0;SZT;STORCK;0;PLN
4011011;04.02.2024;1206;SZT;STORCK;3256,2;PLN
4011012;04.02.2024;0;SZT;STORCK;0;PLN
4011013;04.02.2024;0;SZT;STORCK;0;PLN
4011014;04.02.2024;0;SZT;STORCK;0;PLN
4011015;04.02.2024;0;SZT;STORCK;0;PLN
4011021;04.02.2024;0;SZT;STORCK;0;PLN
4011022;04.02.2024;289;SZT;STORCK;1317,84;PLN
4011023;04.02.2024;432;SZT;STORCK;1956,96;PLN
4011024;04.02.2024;281;SZT;STORCK;1281,36;PLN
4011025;04.02.2024;0;SZT;STORCK;0;PLN
4011031;04.02.2024;0;SZT;STORCK;0;PLN
4011501;04.02.2024;0;SZT;STORCK;0;PLN
4011521;04.02.2024;0;SZT;STORCK;0;PLN
4011997;04.02.2024;0;SZT;STORCK;0;PLN
4011998;04.02.2024;0;SZT;STORCK;0;PLN
4011999;04.02.2024;0;SZT;STORCK;0;PLN
4099101;04.02.2024;0;SZT;STORCK;0;PLN
4099102;04.02.2024;0;SZT;STORCK;0;PLN
4099201;04.02.2024;0;SZT;STORCK;0;PLN
4099202;04.02.2024;0;SZT;STORCK;0;PLN
4099701;04.02.2024;0;SZT;STORCK;0;PLN
4099702;04.02.2024;0;SZT;STORCK;0;PLN
4099703;04.02.2024;0;SZT;STORCK;0;PLN
4099994;04.02.2024;0;SZT;STORCK;0;PLN
4099995;04.02.2024;0;SZT;STORCK;0;PLN
4099997;04.02.2024;0;SZT;STORCK;0;PLN
4099998;04.02.2024;0;SZT;STORCK;0;PLN
4099999;04.02.2024;0;SZT;STORCK;0;PLN
4104001;04.02.2024;0;KG;STORCK;0;PLN
4107001;04.02.2024;0;SZT;STORCK;0;PLN
4107011;04.02.2024;0;SZT;STORCK;0;PLN
4107021;04.02.2024;0;SZT;STORCK;0;PLN
4107022;04.02.2024;0;SZT;STORCK;0;PLN
4107501;04.02.2024;0;SZT;STORCK;0;PLN
4112001;04.02.2024;0;SZT;STORCK;0;PLN
4112002;04.02.2024;0;SZT;STORCK;0;PLN
4112011;04.02.2024;0;SZT;STORCK;0;PLN
4112012;04.02.2024;0;SZT;STORCK;0;PLN
4112021;04.02.2024;0;SZT;STORCK;0;PLN
5004001;04.02.2024;0;KG;ASTRA;0;PLN
6101026;04.02.2024;0;SZT;ROSHEN;0;PLN
6101027;04.02.2024;0;SZT;ROSHEN;0;PLN
6108202;04.02.2024;0;SZT;ROSHEN;0;PLN
6709011;04.02.2024;0;SZT;DR OETKER;0;PLN
6709012;04.02.2024;0;SZT;DR OETKER;0;PLN
6709013;04.02.2024;0;SZT;DR OETKER;0;PLN
6775001;04.02.2024;252;SZT;DR OETKER;451,08;PLN
6775001A;04.02.2024;0;SZT;DR OETKER;0;PLN
6775002;04.02.2024;0;SZT;DR OETKER;0;PLN
6775002A;04.02.2024;79;SZT;DR OETKER;113,76;PLN
6775003;04.02.2024;148;SZT;DR OETKER;264,92;PLN
6775003A;04.02.2024;0;SZT;DR OETKER;0;PLN
6775004;04.02.2024;216;SZT;DR OETKER;386,64;PLN
6775004A;04.02.2024;0;SZT;DR OETKER;0;PLN
6775005;04.02.2024;5466;SZT;DR OETKER;7871,04;PLN
6775005A;04.02.2024;0;SZT;DR OETKER;0;PLN
6775006;04.02.2024;172;SZT;DR OETKER;307,88;PLN
6775006A;04.02.2024;0;SZT;DR OETKER;0;PLN
6775007;04.02.2024;82;SZT;DR OETKER;146,78;PLN
6775007A;04.02.2024;233;SZT;DR OETKER;335,52;PLN
6775008;04.02.2024;180;SZT;DR OETKER;322,2;PLN
6775008A;04.02.2024;0;SZT;DR OETKER;0;PLN
6775009;04.02.2024;60;SZT;DR OETKER;107,4;PLN
6775009A;04.02.2024;0;SZT;DR OETKER;0;PLN
6775010;04.02.2024;210;SZT;DR OETKER;375,9;PLN
6775010A;04.02.2024;0;SZT;DR OETKER;0;PLN
6775011;04.02.2024;0;SZT;DR OETKER;0;PLN
6775011A;04.02.2024;0;SZT;DR OETKER;0;PLN
6775012;04.02.2024;0;SZT;DR OETKER;0;PLN
6775012A;04.02.2024;0;SZT;DR OETKER;0;PLN
6775101;04.02.2024;0;SZT;DR OETKER;0;PLN
6775102;04.02.2024;143;SZT;DR OETKER;255,97;PLN
6775501;04.02.2024;0;SZT;DR OETKER;0;PLN
6775502;04.02.2024;0;SZT;DR OETKER;0;PLN
6775503;04.02.2024;0;SZT;DR OETKER;0;PLN
6776001;04.02.2024;162;SZT;DR OETKER;155,52;PLN
6776002;04.02.2024;197;SZT;DR OETKER;189,12;PLN
6776003;04.02.2024;68;SZT;DR OETKER;65,28;PLN
6776004;04.02.2024;49;SZT;DR OETKER;47,04;PLN
6776005;04.02.2024;202;SZT;DR OETKER;193,92;PLN
6776006;04.02.2024;252;SZT;DR OETKER;241,92;PLN
6776007;04.02.2024;192;SZT;DR OETKER;184,32;PLN
6776008;04.02.2024;0;SZT;DR OETKER;0;PLN
6776101;04.02.2024;0;SZT;DR OETKER;0;PLN
6776102;04.02.2024;0;SZT;DR OETKER;0;PLN
6776103;04.02.2024;0;SZT;DR OETKER;0;PLN
6776151;04.02.2024;0;SZT;DR OETKER;0;PLN
6776152;04.02.2024;0;SZT;DR OETKER;0;PLN
6776153;04.02.2024;0;SZT;DR OETKER;0;PLN
6776154;04.02.2024;0;SZT;DR OETKER;0;PLN
6776155;04.02.2024;0;SZT;DR OETKER;0;PLN
6776201;04.02.2024;186;SZT;DR OETKER;210,18;PLN
6776202;04.02.2024;308;SZT;DR OETKER;348,04;PLN
6776203;04.02.2024;447;SZT;DR OETKER;505,11;PLN
6776204;04.02.2024;148;SZT;DR OETKER;167,24;PLN
6776205;04.02.2024;341;SZT;DR OETKER;385,33;PLN
6776206;04.02.2024;244;SZT;DR OETKER;275,72;PLN
6776207;04.02.2024;0;SZT;DR OETKER;0;PLN
6776231;04.02.2024;1;SZT;DR OETKER;1,54;PLN
6776232;04.02.2024;0;SZT;DR OETKER;0;PLN
6776233;04.02.2024;0;SZT;DR OETKER;0;PLN
6776234;04.02.2024;1;SZT;DR OETKER;1,54;PLN
6776235;04.02.2024;0;SZT;DR OETKER;0;PLN
6776237;04.02.2024;0;SZT;DR OETKER;0;PLN
6776238;04.02.2024;142;SZT;DR OETKER;173,24;PLN
6776239;04.02.2024;0;SZT;DR OETKER;0;PLN
6776251;04.02.2024;0;SZT;DR OETKER;0;PLN
6776252;04.02.2024;0;SZT;DR OETKER;0;PLN
6776253;04.02.2024;0;SZT;DR OETKER;0;PLN
6776254;04.02.2024;0;SZT;DR OETKER;0;PLN
6776255;04.02.2024;0;SZT;DR OETKER;0;PLN
6776271;04.02.2024;0;SZT;DR OETKER;0;PLN
6776272;04.02.2024;0;SZT;DR OETKER;0;PLN
6776273;04.02.2024;0;SZT;DR OETKER;0;PLN
6776274;04.02.2024;0;SZT;DR OETKER;0;PLN
6776301;04.02.2024;203;SZT;DR OETKER;312,62;PLN
6776302;04.02.2024;121;SZT;DR OETKER;186,34;PLN
6776303;04.02.2024;462;SZT;DR OETKER;711,48;PLN
6776304;04.02.2024;173;SZT;DR OETKER;266,42;PLN
6776305;04.02.2024;119;SZT;DR OETKER;183,26;PLN
6776306;04.02.2024;141;SZT;DR OETKER;217,14;PLN
6776307;04.02.2024;0;SZT;DR OETKER;0;PLN
6776308;04.02.2024;0;SZT;DR OETKER;0;PLN
6776321;04.02.2024;0;SZT;DR OETKER;0;PLN
6776323;04.02.2024;0;SZT;DR OETKER;0;PLN
6776326;04.02.2024;0;SZT;DR OETKER;0;PLN
6776501;04.02.2024;0;SZT;DR OETKER;0;PLN
6776502;04.02.2024;0;SZT;DR OETKER;0;PLN
6776503;04.02.2024;0;SZT;DR OETKER;0;PLN
6780001;04.02.2024;867;SZT;DR OETKER;919,02;PLN
6780002;04.02.2024;1057;SZT;DR OETKER;1120,42;PLN
6780003;04.02.2024;92;SZT;DR OETKER;97,52;PLN
6780004;04.02.2024;145;SZT;DR OETKER;153,7;PLN
6780005;04.02.2024;525;SZT;DR OETKER;619,5;PLN
6780006;04.02.2024;0;SZT;DR OETKER;0;PLN
6780007;04.02.2024;0;SZT;DR OETKER;0;PLN
6780011;04.02.2024;0;SZT;DR OETKER;0;PLN
6780012;04.02.2024;0;SZT;DR OETKER;0;PLN
6780013;04.02.2024;0;SZT;DR OETKER;0;PLN
6780071;04.02.2024;0;SZT;DR OETKER;0;PLN
6780072;04.02.2024;0;SZT;DR OETKER;0;PLN
6780073;04.02.2024;0;SZT;DR OETKER;0;PLN
6780081;04.02.2024;0;SZT;DR OETKER;0;PLN
6780082;04.02.2024;0;SZT;DR OETKER;0;PLN
6780083;04.02.2024;0;SZT;DR OETKER;0;PLN
6780101;04.02.2024;0;SZT;DR OETKER;0;PLN
6780102;04.02.2024;0;SZT;DR OETKER;0;PLN
6780103;04.02.2024;0;SZT;DR OETKER;0;PLN
6780121;04.02.2024;0;SZT;DR OETKER;0;PLN
6780122;04.02.2024;0;SZT;DR OETKER;0;PLN
6780123;04.02.2024;0;SZT;DR OETKER;0;PLN
6780124;04.02.2024;0;SZT;DR OETKER;0;PLN
6780131;04.02.2024;355;SZT;DR OETKER;528,95;PLN
6780132;04.02.2024;0;SZT;DR OETKER;0;PLN
6780133;04.02.2024;428;SZT;DR OETKER;637,72;PLN
6780134;04.02.2024;1;SZT;DR OETKER;1,49;PLN
6780141;04.02.2024;0;SZT;DR OETKER;0;PLN
6780142;04.02.2024;0;SZT;DR OETKER;0;PLN
6780143;04.02.2024;0;SZT;DR OETKER;0;PLN
6780144;04.02.2024;56;SZT;DR OETKER;71,12;PLN
6780145;04.02.2024;0;SZT;DR OETKER;0;PLN
6780146;04.02.2024;50;SZT;DR OETKER;63,5;PLN
6780161;04.02.2024;0;SZT;DR OETKER;0;PLN
6780162;04.02.2024;0;SZT;DR OETKER;0;PLN
6780163;04.02.2024;0;SZT;DR OETKER;0;PLN
6780164;04.02.2024;0;SZT;DR OETKER;0;PLN
6780171;04.02.2024;0;SZT;DR OETKER;0;PLN
6780172;04.02.2024;0;SZT;DR OETKER;0;PLN
6780173;04.02.2024;0;SZT;DR OETKER;0;PLN
6780191;04.02.2024;0;SZT;DR OETKER;0;PLN
6780192;04.02.2024;0;SZT;DR OETKER;0;PLN
6780193;04.02.2024;0;SZT;DR OETKER;0;PLN
6780201;04.02.2024;87;SZT;DR OETKER;377,58;PLN
6780202;04.02.2024;100;SZT;DR OETKER;434;PLN
6780203;04.02.2024;30;SZT;DR OETKER;130,2;PLN
6780204;04.02.2024;116;SZT;DR OETKER;503,44;PLN
6780205;04.02.2024;0;SZT;DR OETKER;0;PLN
6780206;04.02.2024;13;SZT;DR OETKER;56,42;PLN
6780208;04.02.2024;144;SZT;DR OETKER;624,96;PLN
6780210;04.02.2024;0;SZT;DR OETKER;0;PLN
6780211;04.02.2024;199;SZT;DR OETKER;863,66;PLN
6780250;04.02.2024;121;SZT;DR OETKER;377,52;PLN
6780251;04.02.2024;201;SZT;DR OETKER;627,12;PLN
6780252;04.02.2024;0;SZT;DR OETKER;0;PLN
6780253;04.02.2024;123;SZT;DR OETKER;383,76;PLN
6780254;04.02.2024;0;SZT;DR OETKER;0;PLN
6780255;04.02.2024;0;SZT;DR OETKER;0;PLN
6780256;04.02.2024;0;SZT;DR OETKER;0;PLN
6780257;04.02.2024;23;SZT;DR OETKER;71,76;PLN
6782001;04.02.2024;485;SZT;DR OETKER;339,5;PLN
6782001B;04.02.2024;0;SZT;DR OETKER;0;PLN
6782002;04.02.2024;0;SZT;DR OETKER;0;PLN
6782004;04.02.2024;767;SZT;DR OETKER;513,89;PLN
6782004B;04.02.2024;0;SZT;DR OETKER;0;PLN
6782005;04.02.2024;149;SZT;DR OETKER;171,35;PLN
6782008;04.02.2024;0;SZT;DR OETKER;0;PLN
6782010;04.02.2024;53;SZT;DR OETKER;66,78;PLN
6782011;04.02.2024;673;SZT;DR OETKER;767,22;PLN
6782011B;04.02.2024;68;SZT;DR OETKER;57,12;PLN
6782012;04.02.2024;2287;SZT;DR OETKER;2149,78;PLN
6782013;04.02.2024;0;SZT;DR OETKER;0;PLN
6782016;04.02.2024;400;SZT;DR OETKER;892;PLN
6782018;04.02.2024;0;SZT;DR OETKER;0;PLN
6782020;04.02.2024;733;SZT;DR OETKER;674,36;PLN
6782022;04.02.2024;0;SZT;DR OETKER;0;PLN
6782029;04.02.2024;0;SZT;DR OETKER;0;PLN
6782030;04.02.2024;17;SZT;DR OETKER;204,68;PLN
6782031;04.02.2024;194;SZT;DR OETKER;516,04;PLN
6782032;04.02.2024;0;SZT;DR OETKER;0;PLN
6782033;04.02.2024;0;SZT;DR OETKER;0;PLN
6782034;04.02.2024;0;SZT;DR OETKER;0;PLN
6782041;04.02.2024;0;SZT;DR OETKER;0;PLN
6782051;04.02.2024;0;SZT;DR OETKER;0;PLN
6782052;04.02.2024;108;SZT;DR OETKER;143,64;PLN
6782053;04.02.2024;234;SZT;DR OETKER;311,22;PLN
6782054;04.02.2024;324;SZT;DR OETKER;430,92;PLN
6782055;04.02.2024;210;SZT;DR OETKER;279,3;PLN
6782056;04.02.2024;288;SZT;DR OETKER;383,04;PLN
6782057;04.02.2024;198;SZT;DR OETKER;263,34;PLN
6782065;04.02.2024;197;SZT;DR OETKER;1134,72;PLN
6782066;04.02.2024;0;SZT;DR OETKER;0;PLN
6782067;04.02.2024;0;SZT;DR OETKER;0;PLN
6782068;04.02.2024;0;SZT;DR OETKER;0;PLN
6782101;04.02.2024;290;SZT;DR OETKER;614,8;PLN
6782101B;04.02.2024;0;SZT;DR OETKER;0;PLN
6782102;04.02.2024;143;SZT;DR OETKER;573,43;PLN
6782103;04.02.2024;175;SZT;DR OETKER;462;PLN
6782104;04.02.2024;41;SZT;DR OETKER;47,97;PLN
6782105;04.02.2024;0;SZT;DR OETKER;0;PLN
6782112;04.02.2024;0;SZT;DR OETKER;0;PLN
6782151;04.02.2024;215;SZT;DR OETKER;210,7;PLN
6782161;04.02.2024;0;SZT;DR OETKER;0;PLN
6782162;04.02.2024;0;SZT;DR OETKER;0;PLN
6782163;04.02.2024;0;SZT;DR OETKER;0;PLN
6782171;04.02.2024;111;SZT;DR OETKER;330,78;PLN
6782175;04.02.2024;121;SZT;DR OETKER;385,99;PLN
6782177;04.02.2024;141;SZT;DR OETKER;297,51;PLN
6782201;04.02.2024;52;SZT;DR OETKER;111,8;PLN
6782204;04.02.2024;186;SZT;DR OETKER;215,76;PLN
6782205;04.02.2024;0;SZT;DR OETKER;0;PLN
6782207;04.02.2024;0;SZT;DR OETKER;0;PLN
6782215;04.02.2024;0;SZT;DR OETKER;0;PLN
6782524;04.02.2024;0;SZT;DR OETKER;0;PLN
6783001;04.02.2024;0;SZT;DR OETKER;0;PLN
6783002;04.02.2024;118;SZT;DR OETKER;233,64;PLN
6783010;04.02.2024;298;SZT;DR OETKER;542,36;PLN
6783011;04.02.2024;81;SZT;DR OETKER;147,42;PLN
6783012;04.02.2024;54;SZT;DR OETKER;98,28;PLN
6783013;04.02.2024;0;SZT;DR OETKER;0;PLN
6783014;04.02.2024;0;SZT;DR OETKER;0;PLN
6783017;04.02.2024;0;SZT;DR OETKER;0;PLN
6783018;04.02.2024;80;SZT;DR OETKER;145,6;PLN
6783021;04.02.2024;30;SZT;DR OETKER;66,6;PLN
6783022;04.02.2024;19;SZT;DR OETKER;42,18;PLN
6783023;04.02.2024;31;SZT;DR OETKER;68,82;PLN
6783024;04.02.2024;26;SZT;DR OETKER;57,72;PLN
6783025;04.02.2024;0;SZT;DR OETKER;0;PLN
6783041;04.02.2024;0;SZT;DR OETKER;0;PLN
6783042;04.02.2024;0;SZT;DR OETKER;0;PLN
6783051;04.02.2024;0;SZT;DR OETKER;0;PLN
6784001;04.02.2024;0;SZT;DR OETKER;0;PLN
6784002;04.02.2024;0;SZT;DR OETKER;0;PLN
6785001;04.02.2024;0;SZT;DR OETKER;0;PLN
6785002;04.02.2024;44;SZT;DR OETKER;425,48;PLN
6785003;04.02.2024;16;SZT;DR OETKER;154,88;PLN
6785010;04.02.2024;44;SZT;DR OETKER;312,4;PLN
6785021;04.02.2024;101;SZT;DR OETKER;738,31;PLN
6785022;04.02.2024;28;SZT;DR OETKER;232,12;PLN
6785023;04.02.2024;0;SZT;DR OETKER;0;PLN
6785024;04.02.2024;28;SZT;DR OETKER;204,68;PLN
6785024B;04.02.2024;1;SZT;DR OETKER;7,93;PLN
6785025;04.02.2024;0;SZT;DR OETKER;0;PLN
6785026;04.02.2024;0;SZT;DR OETKER;0;PLN
6785027;04.02.2024;0;SZT;DR OETKER;0;PLN
6785028;04.02.2024;31;SZT;DR OETKER;256,99;PLN
6785029;04.02.2024;0;SZT;DR OETKER;0;PLN
6785041;04.02.2024;13;SZT;DR OETKER;107,77;PLN
6785042;04.02.2024;17;SZT;DR OETKER;140,93;PLN
6785043;04.02.2024;0;SZT;DR OETKER;0;PLN
6785061;04.02.2024;0;SZT;DR OETKER;0;PLN
6785062;04.02.2024;0;SZT;DR OETKER;0;PLN
6785063;04.02.2024;0;SZT;DR OETKER;0;PLN
6785064;04.02.2024;0;SZT;DR OETKER;0;PLN
6785068;04.02.2024;19;SZT;DR OETKER;76,76;PLN
6785069;04.02.2024;90;SZT;DR OETKER;363,6;PLN
6785071;04.02.2024;4;SZT;DR OETKER;30,44;PLN
6785072;04.02.2024;0;SZT;DR OETKER;0;PLN
6785091;04.02.2024;8;SZT;DR OETKER;48,4;PLN
6785092;04.02.2024;7;SZT;DR OETKER;42,35;PLN
6785111;04.02.2024;0;SZT;DR OETKER;0;PLN
6785112;04.02.2024;0;SZT;DR OETKER;0;PLN
6785113;04.02.2024;0;SZT;DR OETKER;0;PLN
6785118;04.02.2024;0;SZT;DR OETKER;0;PLN
6785119;04.02.2024;0;SZT;DR OETKER;0;PLN
6785121;04.02.2024;0;SZT;DR OETKER;0;PLN
6785122;04.02.2024;14;SZT;DR OETKER;84,7;PLN
6785123;04.02.2024;0;SZT;DR OETKER;0;PLN
6785124;04.02.2024;0;SZT;DR OETKER;0;PLN
6785161;04.02.2024;0;SZT;DR OETKER;0;PLN
6785162;04.02.2024;0;SZT;DR OETKER;0;PLN
6785163;04.02.2024;37;SZT;DR OETKER;293,78;PLN
6785164;04.02.2024;0;SZT;DR OETKER;0;PLN
6785191;04.02.2024;114;SZT;DR OETKER;1048,8;PLN
6785192;04.02.2024;0;SZT;DR OETKER;0;PLN
6785193;04.02.2024;0;SZT;DR OETKER;0;PLN
6785221;04.02.2024;140;SZT;DR OETKER;863,8;PLN
6785222;04.02.2024;0;SZT;DR OETKER;0;PLN
6785225;04.02.2024;0;SZT;DR OETKER;0;PLN
6785231;04.02.2024;0;SZT;DR OETKER;0;PLN
6785235;04.02.2024;0;SZT;DR OETKER;0;PLN
6785236;04.02.2024;0;SZT;DR OETKER;0;PLN
6785237;04.02.2024;0;SZT;DR OETKER;0;PLN
6785238;04.02.2024;0;SZT;DR OETKER;0;PLN
6785241;04.02.2024;0;SZT;DR OETKER;0;PLN
6785242;04.02.2024;0;SZT;DR OETKER;0;PLN
6785243;04.02.2024;0;SZT;DR OETKER;0;PLN
6786031;04.02.2024;141;SZT;DR OETKER;472,35;PLN
6786032;04.02.2024;114;SZT;DR OETKER;381,9;PLN
6786033;04.02.2024;118;SZT;DR OETKER;395,3;PLN
6786034;04.02.2024;0;SZT;DR OETKER;0;PLN
6786035;04.02.2024;0;SZT;DR OETKER;0;PLN
6786036;04.02.2024;0;SZT;DR OETKER;0;PLN
6786089;04.02.2024;7;SZT;DR OETKER;18,62;PLN
6786090;04.02.2024;0;SZT;DR OETKER;0;PLN
6786091;04.02.2024;0;SZT;DR OETKER;0;PLN
6786092;04.02.2024;7;SZT;DR OETKER;18,62;PLN
6786093;04.02.2024;14;SZT;DR OETKER;37,24;PLN
6786094;04.02.2024;9;SZT;DR OETKER;23,94;PLN
6786095;04.02.2024;0;SZT;DR OETKER;0;PLN
6786096;04.02.2024;0;SZT;DR OETKER;0;PLN
6786097;04.02.2024;0;SZT;DR OETKER;0;PLN
6786105;04.02.2024;0;SZT;DR OETKER;0;PLN
6786106;04.02.2024;0;SZT;DR OETKER;0;PLN
6786107;04.02.2024;0;SZT;DR OETKER;0;PLN
6786110;04.02.2024;0;SZT;DR OETKER;0;PLN
6786120;04.02.2024;0;SZT;DR OETKER;0;PLN
6786121;04.02.2024;2;SZT;DR OETKER;6,04;PLN
6786122;04.02.2024;32;SZT;DR OETKER;96,64;PLN
6786123;04.02.2024;15;SZT;DR OETKER;51,45;PLN
6786124;04.02.2024;0;SZT;DR OETKER;0;PLN
6786129;04.02.2024;0;SZT;DR OETKER;0;PLN
6786130;04.02.2024;0;SZT;DR OETKER;0;PLN
6786131;04.02.2024;0;SZT;DR OETKER;0;PLN
6786132;04.02.2024;0;SZT;DR OETKER;0;PLN
6786151;04.02.2024;0;SZT;DR OETKER;0;PLN
6786152;04.02.2024;18;SZT;DR OETKER;95,94;PLN
6786153;04.02.2024;0;SZT;DR OETKER;0;PLN
6786154;04.02.2024;0;SZT;DR OETKER;0;PLN
6786155;04.02.2024;0;SZT;DR OETKER;0;PLN
6786156;04.02.2024;0;SZT;DR OETKER;0;PLN
6786157;04.02.2024;10;SZT;DR OETKER;93,8;PLN
6786158;04.02.2024;0;SZT;DR OETKER;0;PLN
6786159;04.02.2024;0;SZT;DR OETKER;0;PLN
6786160;04.02.2024;0;SZT;DR OETKER;0;PLN
6786161;04.02.2024;0;SZT;DR OETKER;0;PLN
6786162;04.02.2024;11;SZT;DR OETKER;87,67;PLN
6786163;04.02.2024;0;SZT;DR OETKER;0;PLN
6786164;04.02.2024;0;SZT;DR OETKER;0;PLN
6786165;04.02.2024;0;SZT;DR OETKER;0;PLN
6786166;04.02.2024;0;SZT;DR OETKER;0;PLN
6786167;04.02.2024;0;SZT;DR OETKER;0;PLN
6786168;04.02.2024;15;SZT;DR OETKER;140,7;PLN
6786169;04.02.2024;0;SZT;DR OETKER;0;PLN
6786170;04.02.2024;0;SZT;DR OETKER;0;PLN
6786171;04.02.2024;0;SZT;DR OETKER;0;PLN
6786172;04.02.2024;8;SZT;DR OETKER;75,92;PLN
6786181;04.02.2024;0;SZT;DR OETKER;0;PLN
6786182;04.02.2024;0;SZT;DR OETKER;0;PLN
6786183;04.02.2024;0;SZT;DR OETKER;0;PLN
6786184;04.02.2024;0;SZT;DR OETKER;0;PLN
6786185;04.02.2024;0;SZT;DR OETKER;0;PLN
6786186;04.02.2024;0;SZT;DR OETKER;0;PLN
6786187;04.02.2024;0;SZT;DR OETKER;0;PLN
6786188;04.02.2024;4;SZT;DR OETKER;35,32;PLN
6786190;04.02.2024;0;SZT;DR OETKER;0;PLN
6786191;04.02.2024;0;SZT;DR OETKER;0;PLN
6786192;04.02.2024;0;SZT;DR OETKER;0;PLN
6786193;04.02.2024;0;SZT;DR OETKER;0;PLN
6786194;04.02.2024;4;SZT;DR OETKER;27,52;PLN
6786195;04.02.2024;0;SZT;DR OETKER;0;PLN
6786196;04.02.2024;0;SZT;DR OETKER;0;PLN
6786197;04.02.2024;0;SZT;DR OETKER;0;PLN
6786198;04.02.2024;0;SZT;DR OETKER;0;PLN
6786199;04.02.2024;0;SZT;DR OETKER;0;PLN
6786210;04.02.2024;0;SZT;DR OETKER;0;PLN
6786211;04.02.2024;0;SZT;DR OETKER;0;PLN
6786212;04.02.2024;0;SZT;DR OETKER;0;PLN
6786213;04.02.2024;0;SZT;DR OETKER;0;PLN
6786214;04.02.2024;0;SZT;DR OETKER;0;PLN
6786215;04.02.2024;0;SZT;DR OETKER;0;PLN
6786219;04.02.2024;0;SZT;DR OETKER;0;PLN
6786220;04.02.2024;0;SZT;DR OETKER;0;PLN
6786221;04.02.2024;114;SZT;DR OETKER;559,74;PLN
6786221B;04.02.2024;0;SZT;DR OETKER;0;PLN
6786222;04.02.2024;0;SZT;DR OETKER;0;PLN
6786223;04.02.2024;27;SZT;DR OETKER;80,46;PLN
6786224;04.02.2024;0;SZT;DR OETKER;0;PLN
6786241;04.02.2024;0;SZT;DR OETKER;0;PLN
6786251;04.02.2024;0;SZT;DR OETKER;0;PLN
6786252;04.02.2024;0;SZT;DR OETKER;0;PLN
6786253;04.02.2024;0;SZT;DR OETKER;0;PLN
6786254;04.02.2024;0;SZT;DR OETKER;0;PLN
6786269;04.02.2024;0;SZT;DR OETKER;0;PLN
6786270;04.02.2024;0;SZT;DR OETKER;0;PLN
6786281;04.02.2024;81;SZT;DR OETKER;283,5;PLN
6786282;04.02.2024;66;SZT;DR OETKER;231;PLN
6786283;04.02.2024;73;SZT;DR OETKER;255,5;PLN
6786284;04.02.2024;60;SZT;DR OETKER;210;PLN
6786301;04.02.2024;16;SZT;DR OETKER;90,88;PLN
6786302;04.02.2024;0;SZT;DR OETKER;0;PLN
6786303;04.02.2024;0;SZT;DR OETKER;0;PLN
6786304;04.02.2024;0;SZT;DR OETKER;0;PLN
6786305;04.02.2024;0;SZT;DR OETKER;0;PLN
6786306;04.02.2024;0;SZT;DR OETKER;0;PLN
6786307;04.02.2024;0;SZT;DR OETKER;0;PLN
6786308;04.02.2024;0;SZT;DR OETKER;0;PLN
6786309;04.02.2024;0;SZT;DR OETKER;0;PLN
6786310;04.02.2024;0;SZT;DR OETKER;0;PLN
6786351;04.02.2024;0;SZT;DR OETKER;0;PLN
6799050;04.02.2024;0;SZT;DR OETKER;0;PLN
6799054;04.02.2024;0;SZT;DR OETKER;0;PLN
6799067;04.02.2024;0;SZT;DR OETKER;0;PLN
6799074;04.02.2024;0;SZT;DR OETKER;0;PLN
6799075;04.02.2024;0;SZT;DR OETKER;0;PLN
6799076;04.02.2024;0;SZT;DR OETKER;0;PLN
6799077;04.02.2024;0;SZT;DR OETKER;0;PLN
6799078;04.02.2024;0;SZT;DR OETKER;0;PLN
6799079;04.02.2024;0;SZT;DR OETKER;0;PLN
6799080;04.02.2024;0;SZT;DR OETKER;0;PLN
6799081;04.02.2024;0;SZT;DR OETKER;0;PLN
6799082;04.02.2024;0;SZT;DR OETKER;0;PLN
6799083;04.02.2024;0;SZT;DR OETKER;0;PLN
6799084;04.02.2024;0;SZT;DR OETKER;0;PLN
6799085;04.02.2024;0;SZT;DR OETKER;0;PLN
6799086;04.02.2024;0;SZT;DR OETKER;0;PLN
6799087;04.02.2024;0;SZT;DR OETKER;0;PLN
6799088;04.02.2024;0;SZT;DR OETKER;0;PLN
6799089;04.02.2024;0;SZT;DR OETKER;0;PLN
6799090;04.02.2024;0;SZT;DR OETKER;0;PLN
6799091;04.02.2024;0;SZT;DR OETKER;0;PLN
6799092;04.02.2024;0;SZT;DR OETKER;0;PLN
6799093;04.02.2024;0;SZT;DR OETKER;0;PLN
6799095;04.02.2024;0;SZT;DR OETKER;0;PLN
6799096;04.02.2024;0;SZT;DR OETKER;0;PLN
6799099;04.02.2024;0;SZT;DR OETKER;0;PLN
6799100;04.02.2024;0;SZT;DR OETKER;0;PLN
6799101;04.02.2024;0;SZT;DR OETKER;0;PLN
6799102;04.02.2024;0;SZT;DR OETKER;0;PLN
6799103;04.02.2024;0;SZT;DR OETKER;0;PLN
6799104;04.02.2024;0;SZT;DR OETKER;0;PLN
6799105;04.02.2024;0;SZT;DR OETKER;0;PLN
6799106;04.02.2024;0;SZT;DR OETKER;0;PLN
6799107;04.02.2024;0;SZT;DR OETKER;0;PLN
6799108;04.02.2024;0;SZT;DR OETKER;0;PLN
6799109;04.02.2024;0;SZT;DR OETKER;0;PLN
6799110;04.02.2024;0;SZT;DR OETKER;0;PLN
6799111;04.02.2024;0;SZT;DR OETKER;0;PLN
6799112;04.02.2024;0;SZT;DR OETKER;0;PLN
6799113;04.02.2024;0;SZT;DR OETKER;0;PLN
6799114;04.02.2024;0;SZT;DR OETKER;0;PLN
6799115;04.02.2024;0;SZT;DR OETKER;0;PLN
6799116;04.02.2024;0;SZT;DR OETKER;0;PLN
6799117;04.02.2024;0;SZT;DR OETKER;0;PLN
6799118;04.02.2024;0;SZT;DR OETKER;0;PLN
6799121;04.02.2024;0;SZT;DR OETKER;0;PLN
6799122;04.02.2024;0;SZT;DR OETKER;0;PLN
6799123;04.02.2024;0;SZT;DR OETKER;0;PLN
6799124;04.02.2024;0;SZT;DR OETKER;0;PLN
6799125;04.02.2024;0;SZT;DR OETKER;0;PLN
6799126;04.02.2024;0;SZT;DR OETKER;0;PLN
6799127;04.02.2024;0;SZT;DR OETKER;0;PLN
6799128;04.02.2024;0;SZT;DR OETKER;0;PLN
6799129;04.02.2024;0;SZT;DR OETKER;0;PLN
6799130;04.02.2024;0;SZT;DR OETKER;0;PLN
6799131;04.02.2024;0;SZT;DR OETKER;0;PLN
6799132;04.02.2024;0;SZT;DR OETKER;0;PLN
6799133;04.02.2024;0;SZT;DR OETKER;0;PLN
6799134;04.02.2024;1;SZT;DR OETKER;690,24;PLN
9108007;04.02.2024;0;SZT;JUTRZENKA;0;PLN
9108042;04.02.2024;0;SZT;JUTRZENKA;0;PLN
9902033;04.02.2024;0;SZT;JUTRZENKA;0;PLN
9906171;04.02.2024;0;SZT;JUTRZENKA;0;PLN
9908001;04.02.2024;0;SZT;JUTRZENKA;0;PLN
9908002;04.02.2024;0;SZT;JUTRZENKA;0;PLN
9908003;04.02.2024;0;SZT;JUTRZENKA;0;PLN
9908004;04.02.2024;0;SZT;JUTRZENKA;0;PLN
9908005;04.02.2024;0;SZT;JUTRZENKA;0;PLN
9908006;04.02.2024;0;SZT;JUTRZENKA;0;PLN
9908007;04.02.2024;0;SZT;JUTRZENKA;0;PLN
9908008;04.02.2024;0;SZT;JUTRZENKA;0;PLN
9908203;04.02.2024;0;SZT;KALISZANKA;0;PLN
